# timestamp [ns], filename
16176984999,16176984999.png
16226985000,16226985000.png
16276986000,16276986000.png
16326985000,16326985000.png
16376985000,16376985000.png
16426984999,16426984999.png
16476985000,16476985000.png
16526985000,16526985000.png
16576985000,16576985000.png
16626985000,16626985000.png
16676984999,16676984999.png
16726985000,16726985000.png
16776985000,16776985000.png
16826985000,16826985000.png
16876985000,16876985000.png
16926984999,16926984999.png
16976985000,16976985000.png
17026985000,17026985000.png
17076985000,17076985000.png
17126985000,17126985000.png
17176984999,17176984999.png
17226985000,17226985000.png
17276985000,17276985000.png
17326985000,17326985000.png
17376985000,17376985000.png
17426985000,17426985000.png
17476985000,17476985000.png
17526985000,17526985000.png
17576984000,17576984000.png
17626985000,17626985000.png
17676985000,17676985000.png
17726985000,17726985000.png
17776985000,17776985000.png
17826985000,17826985000.png
17876985000,17876985000.png
17926985000,17926985000.png
17976984000,17976984000.png
18026985000,18026985000.png
18076985000,18076985000.png
18126984000,18126984000.png
18176985000,18176985000.png
18226985000,18226985000.png
18276984000,18276984000.png
18326985000,18326985000.png
18376984000,18376984000.png
18426985000,18426985000.png
18476984000,18476984000.png
18526984000,18526984000.png
18576985000,18576985000.png
18626984000,18626984000.png
18676985000,18676985000.png
18726984000,18726984000.png
18776984000,18776984000.png
18826984000,18826984000.png
18876984000,18876984000.png
18926984000,18926984000.png
18976984000,18976984000.png
19026984000,19026984000.png
19076984000,19076984000.png
19126984000,19126984000.png
19176984000,19176984000.png
19226984000,19226984000.png
19276984000,19276984000.png
19326984000,19326984000.png
19376984000,19376984000.png
19426984000,19426984000.png
19476984000,19476984000.png
19526984000,19526984000.png
19576984000,19576984000.png
19626984000,19626984000.png
19676984000,19676984000.png
19726984000,19726984000.png
19776984000,19776984000.png
19826984000,19826984000.png
19876984000,19876984000.png
19926984000,19926984000.png
19976984000,19976984000.png
20026984000,20026984000.png
20076984000,20076984000.png
20126984000,20126984000.png
20176985000,20176985000.png
20226984000,20226984000.png
20276984000,20276984000.png
20326984000,20326984000.png
20376984000,20376984000.png
20426984000,20426984000.png
20476984000,20476984000.png
20526984000,20526984000.png
20576984000,20576984000.png
20626984000,20626984000.png
20676984000,20676984000.png
20726984000,20726984000.png
20776984000,20776984000.png
20826984000,20826984000.png
20876984000,20876984000.png
20926984000,20926984000.png
20976984000,20976984000.png
21026984000,21026984000.png
21076984000,21076984000.png
21126984000,21126984000.png
21176984000,21176984000.png
21226984000,21226984000.png
21276984000,21276984000.png
21326984000,21326984000.png
21376984000,21376984000.png
21426984000,21426984000.png
21476984000,21476984000.png
21526984000,21526984000.png
21576983000,21576983000.png
21626984000,21626984000.png
21676984000,21676984000.png
21726984000,21726984000.png
21776984000,21776984000.png
21826984000,21826984000.png
21876984000,21876984000.png
21926984000,21926984000.png
21976983000,21976983000.png
22026984000,22026984000.png
22076984000,22076984000.png
22126983000,22126983000.png
22176984000,22176984000.png
22226984000,22226984000.png
22276983000,22276983000.png
22326984000,22326984000.png
22376983000,22376983000.png
22426984000,22426984000.png
22476983000,22476983000.png
22526984000,22526984000.png
22576983000,22576983000.png
22626983000,22626983000.png
22676984000,22676984000.png
22726983000,22726983000.png
22776983000,22776983000.png
22826983000,22826983000.png
22876983000,22876983000.png
22926983000,22926983000.png
22976983000,22976983000.png
23026983000,23026983000.png
23076983000,23076983000.png
23126983000,23126983000.png
23176984000,23176984000.png
23226984000,23226984000.png
23276983000,23276983000.png
23326983000,23326983000.png
23376983000,23376983000.png
23426983000,23426983000.png
23476983000,23476983000.png
23526983000,23526983000.png
23576983000,23576983000.png
23626983000,23626983000.png
23676984000,23676984000.png
23726983000,23726983000.png
23776983000,23776983000.png
23826983000,23826983000.png
23876983000,23876983000.png
23926983000,23926983000.png
23976983000,23976983000.png
24026983000,24026983000.png
24076983000,24076983000.png
24126983000,24126983000.png
24176983000,24176983000.png
24226983000,24226983000.png
24276983000,24276983000.png
24326983000,24326983000.png
24376983000,24376983000.png
24426983000,24426983000.png
24476983000,24476983000.png
24526983000,24526983000.png
24576983000,24576983000.png
24626983000,24626983000.png
24676983000,24676983000.png
24726983000,24726983000.png
24776983000,24776983000.png
24826983000,24826983000.png
24876983000,24876983000.png
24926983000,24926983000.png
24976983000,24976983000.png
25026983000,25026983000.png
25076983000,25076983000.png
25126983000,25126983000.png
25176983000,25176983000.png
25226983000,25226983000.png
25276983000,25276983000.png
25326983000,25326983000.png
25376983000,25376983000.png
25426983000,25426983000.png
25476983000,25476983000.png
25526983000,25526983000.png
25576982000,25576982000.png
25626983000,25626983000.png
25676983000,25676983000.png
25726983000,25726983000.png
25776983000,25776983000.png
25826983000,25826983000.png
25876982000,25876982000.png
25926983000,25926983000.png
25976982000,25976982000.png
26026983000,26026983000.png
26076983000,26076983000.png
26126982000,26126982000.png
26176983000,26176983000.png
26226983000,26226983000.png
26276983000,26276983000.png
26326983000,26326983000.png
26376983000,26376983000.png
26426983000,26426983000.png
26476982000,26476982000.png
26526982000,26526982000.png
26576982000,26576982000.png
26626982000,26626982000.png
26676983000,26676983000.png
26726982000,26726982000.png
26776982000,26776982000.png
26826983000,26826983000.png
26876982000,26876982000.png
26926982000,26926982000.png
26976982000,26976982000.png
27026983000,27026983000.png
27076982000,27076982000.png
27126982000,27126982000.png
27176983000,27176983000.png
27226982000,27226982000.png
27276982000,27276982000.png
27326983000,27326983000.png
27376982000,27376982000.png
27426982000,27426982000.png
27476982000,27476982000.png
27526982000,27526982000.png
27576982000,27576982000.png
27626982000,27626982000.png
27676983000,27676983000.png
27726982000,27726982000.png
27776982000,27776982000.png
27826982000,27826982000.png
27876982000,27876982000.png
27926982000,27926982000.png
27976982000,27976982000.png
28026982000,28026982000.png
28076982000,28076982000.png
28126982000,28126982000.png
28176982000,28176982000.png
28226982000,28226982000.png
28276982000,28276982000.png
28326982000,28326982000.png
28376982000,28376982000.png
28426982000,28426982000.png
28476982000,28476982000.png
28526982000,28526982000.png
28576982000,28576982000.png
28626982000,28626982000.png
28676982000,28676982000.png
28726982000,28726982000.png
28776982000,28776982000.png
28826982000,28826982000.png
28876982000,28876982000.png
28926982000,28926982000.png
28976982000,28976982000.png
29026982000,29026982000.png
29076982000,29076982000.png
29126982000,29126982000.png
29176982000,29176982000.png
29226982000,29226982000.png
29276982000,29276982000.png
29326982000,29326982000.png
29376982000,29376982000.png
29426982000,29426982000.png
29476982000,29476982000.png
29526982000,29526982000.png
29576981000,29576981000.png
29626982000,29626982000.png
29676982000,29676982000.png
29726982000,29726982000.png
29776982000,29776982000.png
29826982000,29826982000.png
29876981000,29876981000.png
29926982000,29926982000.png
29976981000,29976981000.png
30026983000,30026983000.png
30076982000,30076982000.png
30126981000,30126981000.png
30176982000,30176982000.png
30226982000,30226982000.png
30276982000,30276982000.png
30326982000,30326982000.png
30376981000,30376981000.png
30426981000,30426981000.png
30476981000,30476981000.png
30526982000,30526982000.png
30576981000,30576981000.png
30626981000,30626981000.png
30676982000,30676982000.png
30726981000,30726981000.png
30776981000,30776981000.png
30826982000,30826982000.png
30876981000,30876981000.png
30926981000,30926981000.png
30976981000,30976981000.png
31026981000,31026981000.png
31076982000,31076982000.png
31126981000,31126981000.png
31176981000,31176981000.png
31226981000,31226981000.png
31276981000,31276981000.png
31326981000,31326981000.png
31376981000,31376981000.png
31426981000,31426981000.png
31476981000,31476981000.png
31526981000,31526981000.png
31576982000,31576982000.png
31626981000,31626981000.png
31676981000,31676981000.png
31726981000,31726981000.png
31776981000,31776981000.png
31826981000,31826981000.png
31876981000,31876981000.png
31926981000,31926981000.png
31976981000,31976981000.png
32026981000,32026981000.png
32076981000,32076981000.png
32126981000,32126981000.png
32176980999,32176980999.png
32226981000,32226981000.png
32276981000,32276981000.png
32326981000,32326981000.png
32376981000,32376981000.png
32426980999,32426980999.png
32476981000,32476981000.png
32526981000,32526981000.png
32576981000,32576981000.png
32626981000,32626981000.png
32676980999,32676980999.png
32726981000,32726981000.png
32776981000,32776981000.png
32826981000,32826981000.png
32876981000,32876981000.png
32926980999,32926980999.png
32976981000,32976981000.png
33026981000,33026981000.png
33076981000,33076981000.png
33126981000,33126981000.png
33176980999,33176980999.png
33226981000,33226981000.png
33276981000,33276981000.png
33326981000,33326981000.png
33376981000,33376981000.png
33426980999,33426980999.png
33476981000,33476981000.png
33526981000,33526981000.png
33576980000,33576980000.png
