0.27637946153978343,-0.026116226371027063,-0.3745298880324395
-0.05836584031010794,0.05488574205516228,-0.2950488695615108
-0.1082817452951852,0.1358914601436767,-0.7614269217815692
-0.1958793234892786,-0.4076703542765625,0.5125215470470825
0.8311080113837774,-0.3011542003424872,-0.04401761037875529
-0.26116269946526005,0.9407491970782043,-0.20133030806833707
0.3081361919410901,-0.8120523596627263,0.3375671996576761
-0.05776584942055796,0.553607645792956,-0.707933312086082
-0.01575095458817488,-0.1445196106940545,0.6474545509770786
0.892936300290885,-0.2840657337663475,0.08113821222935935
0.1228385139065864,0.24637729437111577,-0.027394774666545052
0.15955603974286903,-0.7344449969727718,0.6358829625555045
0.1539347121583594,-0.9352070954272049,-0.04618729296908386
0.20283415100466584,-0.1265700609182907,0.5786516689324632
0.48044572047570333,-0.06660648218954068,0.2935829665312044
0.4091231155214743,-0.5616991362667767,0.15822062663055747
0.367482753564234,-0.6358751634208197,-0.06816502772488153
0.13303039257043592,0.46424022813215515,0.2758956087648037
0.2898773104060437,-0.3027603131314849,-0.6298773557768331
-0.15422604988634703,-0.08701597605877476,0.9470043309783174
0.6306999465500704,0.274712920297828,0.5672895122017945
0.19471856499198625,-0.16269429812222902,0.3571513921142462
-0.6309083286183461,0.194764091145895,-0.5453005231151755
0.4072853106338472,0.6410353166229503,0.007739558352347631
0.002747435287297595,-0.14811933861282234,-0.6877049899985408
-0.4062911601527204,0.7551897884465313,-0.42220769865383034
0.3938852079501216,0.23172479469518303,0.8246936681418315
0.23408807860198855,0.07632050239216137,-0.9340444315678627
-0.20049167046068983,-0.39643015281150307,-0.3558821785958006
0.1820680369919243,0.6802673926815193,0.06711458817636995
0.15634545318404824,-0.5301137565991407,-0.5420450467055045
0.6577682659409729,0.07332780279533413,-0.38696659075424256
-0.3459782931718258,-0.782761322737245,-0.46505962128377765
-0.30056558450222726,-0.1885630361839672,0.3325234876143275
0.4848169757089382,0.15969260746411407,-0.7178873637345535
0.38640228388823483,-0.4626248510597821,-0.7887640436896206
0.8542309511190989,0.34836956909030503,0.0037749633655486114
-0.3898913684054912,0.06420965640533205,0.26207716415408866
0.1306619334110759,0.5830290612642568,0.5953557131309699
-0.5310567770569796,0.15105191417118968,-0.35392894812113584
-0.5159426487181966,-0.08125383852565782,-0.07155002373054975
-0.16168969601333116,-0.2931799739341623,0.09747318407926775
0.40445569476947085,-0.5494304262063696,-0.4083715878347962
0.4103450235640056,0.84741683007416,0.06393981297792184
-0.2200251591697444,-0.2400343392364337,-0.30483959711603337
0.6963151807898502,0.3721192636136763,-0.4172894447173745
-0.0487764882638273,0.00017506937216515972,0.8266765860798637
-0.5182957457758808,-0.048326396775489444,0.6533274822494648
-0.00164218844309727,0.364083702795049,0.27606288186304484
0.42158768657115364,0.07921937057253658,0.0746551939864406
0.2934348300846161,-0.432599766009224,-0.5626316892020928
-0.2051649855226667,-0.5895493196074628,0.5287211921011397
-0.3723227221876888,-0.21658835780536134,0.2071268008570053
-0.6002350484741492,0.06957692485734523,-0.5919282040454461
0.3297623782470678,-0.6984024070423456,-0.3549537941090348
0.2155566090342813,0.69050533717835,-0.4828592013509816
-0.24718681928826736,-0.13512574817109435,0.042768438253644625
0.8368598060116503,-0.024732378234065377,0.2111678048993304
0.7923970582069289,-0.06466211945694145,-0.04740671238241556
0.8293990054178622,-0.29741380158544595,-0.05726750920445123
-0.028270707366816694,0.3503413885343838,-0.24829972805780365
-0.19289284133755902,0.07073117874281376,-0.16400468788674671
-0.5527282102131685,-0.12077431259593063,0.07104910483557503
0.8801964990619984,0.10252839091434818,-0.43610332845604605
0.23830168556031883,0.9191231185320399,0.22542016161037304
0.5426468201070065,0.34062728187798186,-0.5329570755416286
-0.5849469158898457,-0.34294694838666184,0.6161924755283457
-0.1962659868512131,0.736692044452101,-0.43151304496594745
0.7442409853601457,-0.44987527576188,-0.010557593386316455
0.6712600314914827,-0.4712124199888357,-0.3387033447937815
0.13156064152641433,0.6195313621673435,-0.7509179600076001
0.6360978585645434,-0.2336501728696243,-0.2766899059483683
-0.0023278438080018837,-0.7604465567237817,-0.09771316754549919
0.005612962257531162,0.6857527680181608,0.22036381795377813
-0.23469321139488342,0.8943582532843122,-0.1458571666441566
0.7059973059841076,0.4703978598626728,0.16731535461120983
-0.04448556211359356,-0.39051678142370516,0.844294910170651
-0.08050958279169995,-0.38848624728609105,-0.8529685506081746
0.09365594067238447,0.8561327671811878,-0.005392804705081744
-0.7461035290927003,-0.23816623798473735,-0.1824964262571951
0.15415660524944919,0.7227607527193278,-0.26160608743186087
-0.4081940574709544,0.5194218459020503,-0.7103047442523545
0.37566976892140636,0.45152633564206424,0.6403486573692332
0.09123705550615857,0.3359057545617288,0.19348763097573296
-0.16639899138116432,0.4730147295497269,0.5150567900790244
-0.3094039833658,-0.4246141894299569,0.23719750922662408
0.25758215120387473,-0.7277061042036317,0.09104343937614745
0.7455832332205468,0.10339814146290527,-0.42312501572405403
0.8894467628059799,0.3974124205810834,-0.12606125209357444
0.26059000662394527,0.3677033046097231,0.7782041644283093
-0.012218840340975756,0.31841201710283284,0.6277062651760834
0.7997047457389297,-0.20376483992307692,0.4813614085964415
-0.03243859864969578,-0.7588924738716367,0.23509142596051014
-0.7772466178970285,0.5529305667189046,0.2477724000009751
-0.582474794726275,-0.048171397492778656,-0.4692050189599086
-0.4831008158357224,0.06337629107849585,0.4296298332036015
0.03940615098530831,-0.6225434140075732,-0.07259128094940781
0.28544250171491337,-0.11638741438971989,0.9221064677321642
-0.20069619977892006,-0.6116031440203169,0.6736840958870498
0.1256782433068726,0.3425769248835451,-0.8315586942643494
-0.5196611410094831,0.1445738631994975,0.7589406549474396
-0.6258737643043863,0.710864052188487,-0.02521299204944283
0.6143470511899296,0.6068435418730083,0.1971411830805585
-0.13738925741904806,-0.051886891433589266,0.10760965516461973
-0.6270058562502698,0.6281475781784784,0.18232155554862017
-0.6194221134731102,0.5158278066551005,-0.442734658379184
0.6187468446606956,-0.5142132876130596,-0.374552036827805
0.018479673824365328,0.12109684722997804,0.07721720034130364
0.40528255422571413,-0.818739389573178,-0.1694712065532975
0.8571863544362084,0.4154629513201993,-0.28950170296305666
0.0887117596021072,0.7218352584196692,0.5144250695495254
-0.5597995519745265,-0.16531862272936038,0.20074386111711684
0.06842783388388796,0.3688417702180662,0.07341475271332154
-0.7126798276864039,-0.2858007869142394,-0.4232613521524271
0.2401270438464158,-0.5358136512218592,0.5237646309691617
0.36383173064524277,0.31727756884592195,0.1772728298692159
-0.030667574604277492,0.273406388448723,0.3534768516160549
-0.4890979384717411,0.6382683190286855,0.5631891739769823
-0.3330303313320502,0.9233817194332397,-0.1333259494275003
0.01402112817417156,-0.9461711259867271,0.24866411455181936
0.31053651708578434,-0.18686008646102215,0.36869140296211467
0.425417547677601,-0.1000788998028983,-0.7041898141422451
-0.6969043381281357,-0.5796155187677785,-0.39273224266381024
0.6513414479780955,-0.362915854937081,-0.5955933328393828
-0.41254658222510976,-0.7906650537395814,-0.4109949600538878
-0.3549462735558797,0.06631239158189706,-0.919686845551549
0.4133890466657735,0.044494288119994785,-0.2501742561034688
0.27228536692347327,-0.6324704820757567,-0.17576139493509246
-0.026133942642813768,-0.4485829803393673,0.7214633829896488
0.6523058738399916,0.4175702227287472,0.13887421015250467
0.37852422670905495,-0.027802422332430243,0.47646929861779763
-0.48468130253030006,0.17443205499525494,-0.1629046225395241
-0.018099066020319077,0.22853391018456892,0.3778336630838981
0.3472590464562466,-0.6845895995011135,0.6065891635685821
-0.0025412966038180773,0.6336381314253148,-0.6811573568624409
0.8227848504544284,0.5295959025210357,-0.07170898476020438
0.017400761475206306,-0.4056670901971935,0.6319351874590975
-0.4468116148902843,-0.22345607209759843,0.8526189242637097
0.4545862641853706,0.02171877701720626,-0.26430895139425004
-0.37618559227600645,0.5737657643847283,0.5206005821209267
-0.45653902804930335,-0.31632448705527083,-0.3786437073297413
-0.39292358474985356,0.06080843668797131,0.24189617912529116
-0.29642560474282287,-0.2717165849693237,0.7982744111986051
0.4833607672060485,-0.5301566363469765,-0.12706365292858535
-0.4077327708405758,0.11847982950192648,0.15340694576088065
-0.49449835327124103,0.1171285603652914,0.5147824775304652
-0.2737128745621378,-0.4805406130007641,0.19954058803235508
-0.31886933627420433,0.24648855378684043,-0.5226048314230392
0.6946433464712083,0.43438961755091987,-0.2002332960180102
0.38613458636580367,-0.41093835389480726,0.1679524250628659
-0.7151177243087694,0.4428998388733365,-0.13412548202355556
0.3225449817587107,0.4744444902761855,-0.5483352039061318
-0.2673751364140329,-0.8665902660034395,-0.14987495248064442
-0.5796250881905765,0.39253095168976415,-0.49295004768475015
-0.3510216062083509,-0.8373267810371283,-0.09342154787030021
0.021734438188367955,-0.4339371184144001,0.14667590044915557
0.32406931170247444,-0.02367826088924474,-0.5516943605172027
0.3030026732339015,-0.15526913409265886,-0.09755929184250167
-0.5095387335844215,0.5245251265673772,0.12896038831869516
-0.5253723527501268,-0.384975691328052,0.4398854993371588
-0.15273277663387752,-0.44467549396755257,-0.44557939261031243
-0.01865013383048786,-0.5734118115445201,0.047357681578009236
-0.026214841868481775,-0.511500661485031,-0.34641073249717946
0.08570349887650952,-0.166833872186547,0.7297513386504224
-0.6443925197252984,0.08446956333273525,-0.6074922332045118
0.13754874071781598,0.9017178674350728,0.33409358335601214
0.19772465591602484,-0.1795678043850073,0.20978824084625547
-0.015196270949361823,0.38151698351420404,0.33190205651832794
0.25536344644545617,-0.06146204645779041,-0.4190706705445626
-0.6467383663986224,-0.4000091125299001,0.20238595069911858
0.26378166032735195,0.4616084333607906,0.1615466040357869
-0.7054820746988562,0.45560221125087597,0.5411905869555145
-0.4386811552311334,0.11301800774254844,-0.8280842120002971
-0.12144459556362297,0.002143718461500521,-0.39212530951829194
-0.2789993690111563,-0.3351574625577609,0.8842135618988594
-0.110346124771449,0.4138876098932174,0.4245317764718075
-0.32642949273990296,0.4496857388205022,-0.18678815796359638
-0.7358152967004257,-0.2618214026085539,-0.1487301379512378
0.38414766546091794,0.051330846456760115,-0.3180236113554842
-0.42994124788860355,0.09181920917256448,0.6765035848088732
0.208863338754816,0.6182276296077875,0.6091748468211942
-0.4356778530961001,0.702375959870015,0.1562131537717104
0.8731536434717819,-0.035845863844098824,-0.3620007685943174
-0.5850734918319371,0.38633326683772395,-0.681246116747459
-0.4901423358970436,0.2807367698693095,0.5775656463234897
0.7856835448144952,-0.009393186889392391,-0.3706187727413144
-0.08658154835012932,0.18798167398435917,-0.37404325162244323
0.24807798674745385,-0.35882181465441376,-0.7095812630132292
-0.4617338277558789,0.5931618351180385,-0.29839298710015383
0.9955532117775645,-0.014096471613085138,-0.015025282691615294
-0.007292933580512306,0.24719247914162445,0.15508819256880146
0.25194395832156347,0.7785958427036275,0.5745797077252797
0.3414019755690396,-0.1282528065363704,0.4142219657284616
0.10742876656617018,-0.45157807825721763,0.7366883117258507
0.45836802766798,-0.05101864480782203,0.7921317131440233
0.25602981931922786,0.2473819224950562,-0.5471240711208689
0.8970247281918686,0.20866282395611635,0.027322463610536474
0.7169844748741321,0.4163492474860193,-0.497992494225187
0.03811305388104458,-0.35262472389527844,0.08213480272714091
-0.3591387054170412,0.34202721825546023,-0.1538428803406371
0.051738778344992076,-0.04190013345305288,-0.18665842888432627
0.4028971409308417,-0.06193435171796402,-0.2159354783838554
-0.020324235716473016,-0.6190721405602484,0.6661401080000406
-0.17616630809844858,0.03892078647321795,0.1666143900462862
-0.0577055488415259,0.2049343622850075,-0.31961619298998656
0.7505429934132415,-0.4609903868849523,-0.3327919460629334
-0.8144819420131932,0.11950616775203815,-0.3562607263162263
-0.06576516168946189,0.30104108779815486,0.30761205708959705
-0.9482251896241438,0.3017259770900982,-0.08951742955757691
-0.23357985122338154,-0.13886399489176338,-0.9519343342074864
0.35017058186500116,0.8850685846034585,-0.28134157939787396
-0.6120555728557004,0.4393020303679698,-0.27064622880708766
0.13945123230800216,0.45189130396645893,-0.5405362686643633
-0.30023164328001073,-0.10272343234034165,-0.45477786056035563
-0.3100103677335855,-0.289225306903482,-0.26641838172301946
-0.41929315226940833,-0.7511246497342221,0.21567642980760593
-0.6884012105058326,-0.46813831565507247,0.15042700828034739
-0.8915867276670031,-0.027183228246382418,0.14792434626310658
-0.6073265504476946,0.0844422222252974,0.7831701807527489
-0.40997022934335337,-0.1705193497778712,-0.7425101927630766
0.6048128745672547,0.23784825753918026,-0.01628438260126286
0.10862967900408571,-0.20685280716153742,-0.6367835816054594
-0.318349659261459,-0.15689804529295537,-0.4150564213931225
-0.38829822351396315,-0.28076912665533005,-0.6492012181756295
0.14144017016773014,0.2335063202506873,0.518375426512306
-0.7296026586963404,-0.1851585534741902,-0.17599657301657756
-0.4578976448144929,-0.04190301474407998,-0.19792395032524612
-0.24616383852273493,-0.678782615093585,-0.18590318527807925
-0.07587471181192651,-0.013323102007764875,-0.07987329103382046
-0.9022613252184857,-0.08716667031968006,-0.22862411801720461
-0.1730380990450946,0.3725932261682148,-0.5339676854392674
0.38454280457470147,-0.8909575750544119,0.11425807074781824
0.3345252396719609,-0.3835848065644274,0.19239798153867715
0.1082663997107074,0.7550075901343221,-0.4616960633893499
-0.9916941709805123,0.05064050546694321,-0.04205805404711871
-0.11462009894058456,-0.09545555492897928,0.3499395983715734
0.15634309598076812,0.3104025396668555,0.6811046044929052
0.741674080201518,0.22717769634452645,0.15503291680310194
-0.33616522752161604,0.855580594359272,0.13487915340063505
0.39850638984066933,0.4766586482731232,-0.2000022968037476
0.34428674634151357,-0.6048613460570924,0.577754954132166
0.41276361718166643,-0.7503457069341086,0.2115065421017548
-0.6552662994269312,-0.4805906575003569,-0.3957486260955805
-0.3340491872348217,0.1749735089505846,0.7372304559028107
0.14984262464669995,-0.09470230604770591,0.04079223095303153
-0.12767761168196112,0.033808257379325024,-0.3580541155608319
0.14801797029819985,-0.1377306379246892,-0.6098677512612862
-0.05767439157426679,0.5378005613903587,-0.7724938309062575
0.6201405398138984,0.49596264293843983,-0.45772748766742866
-0.5606229515821066,0.30373328628924656,-0.6025067205367864
-0.3096826019429235,0.46133111085096346,-0.18669430720058022
0.20492938764565816,-0.1815088960570519,-0.22305634331700763
-0.4313120599108644,0.39488748082931346,-0.15595398136377625
-0.2982261985731838,0.07557430355472405,0.4254076320448468
-0.2820806467614867,0.6928029397859794,0.35117411950262434
0.20078100413570876,-0.002003308960092376,-0.09664224503532703
0.45697718038745094,0.25418136087631127,0.6871429172365906
-0.6302894091432143,-0.5958343786789366,0.2400358242901548
0.492979189407712,0.5228401125752886,0.2034768257585522
-0.44012600917119604,0.1387405214712456,0.060021302765974394
0.5258517731437604,-0.05646714222939786,0.5419029758315501
-0.7330034645121344,0.32487952919165797,-0.48382187228925533
-0.4323658088855049,-0.49710010813148453,-0.7466506236216435
0.39109661680646757,0.8641721562404432,0.14858268524126883
-0.6014077024010944,-0.03707867442244561,0.7077825717360064
0.1678566636702601,-0.4040862375252541,-0.38202123189429726
-0.30557097268186384,0.2824319040418888,0.5216928058614658
0.4123329987166271,0.3239164264987566,0.3020203944608255
0.5694711683681997,-0.5904370721876413,0.341371221728342
0.3829517447752091,0.42760623042229584,0.3058566891448993
-0.5879762689931365,-0.13507865442669398,0.29233813801089936
0.07068496542370606,-0.5711625048774356,-0.5748319393108836
0.07312939419300002,0.3885904985132751,0.9167034935829366
0.8043711617610367,-0.13383182498496815,0.26174066541130814
-0.5349758344653341,-0.5168246662894684,0.5727675985102121
0.14218992407665798,0.2973490454599199,0.26962316006053166
0.17059005808204075,-0.25588284443585274,0.6527187224068141
-0.11011108182649831,0.25604224744692816,0.5141027248729781
-0.409188003608695,-0.6733999857585009,-0.06625237637059533
0.18715266941009245,-0.23972298402851067,-0.47533451330930654
0.7389318726096161,-0.2238100414272146,0.4908728793044619
-0.3346070631545879,0.5866126856342415,-0.4875785600830578
0.6062907877285968,-0.09046949732298293,0.6826949474738893
0.578963461903935,0.657404483211449,0.02121246585207759
0.30764635869967294,0.1818976743137415,-0.25010009749990036
0.16206031409254607,0.1632195188170975,-0.7816135970753402
0.19575408686696183,0.32622776893570204,-0.1313037074094483
0.32038337317635524,0.7279552819873112,0.32167264059823686
-0.3953776902242201,0.5048651896672296,-0.7237930693167505
-0.31210673796882427,-0.7049835841535841,-0.1940214844050412
0.7251954605230078,-0.2436705817452256,0.003828896864144671
0.7285834864585534,0.034877709130957335,-0.42550760130227494
-0.6193908112154187,-0.39490347286580607,-0.2901382819148832
0.47626790103672145,0.09728471730271471,0.6111105641024548
0.05039062994376997,-0.3684216955306152,0.3683710173830199
-0.1503490986204199,0.2648836964829606,-0.8865339044958636
-0.24519988221577504,-0.40048990000642704,0.33911119023105774
-0.4511859337985895,-0.5633197541015003,-0.510579642318514
-0.13852730796080226,0.24637446328902346,0.20801535760568068
-0.18117933675443743,0.6312226409656647,-0.7324372807188133
-0.3852049592452367,0.15905370453533685,-0.49835094184892514
-0.08663074215922029,-0.5778693907646915,-0.6076264474097537
0.15473890882808772,0.4191096853425005,-0.6980999621462156
-0.6133905271333124,0.030592619307850732,0.6905523169968419
-0.7747371414878719,-0.25118273268561686,0.49429506206321716
-0.29167246956812565,0.12758827797334304,-0.3376873189929306
-0.011925381108062849,-0.9935328930126872,-0.0462426884403091
-0.4461188377287302,0.17552468098735563,0.7966384655496763
0.3853664502118721,-0.47554988751068206,-0.27026569415419277
-0.3139484286248153,0.784447786947509,-0.40642483449479316
0.9402189607152145,-0.32650873548705706,0.0058768962083390885
0.45594666745074597,0.551002961341333,-0.6394612869863334
-0.069064407679299,-0.9292646649179914,-0.3347099289721269
0.3148454255633828,-0.004749878881397107,-0.19189741328808796
0.4792375036660024,-0.10476514633484912,-0.15990726007802736
-0.6585349923599875,-0.43098483537915966,-0.11358146932973723
-0.0014983074005998631,-0.47283938678569726,0.07953950131284415
-0.13433304337134877,0.5518220219295871,0.2882709920968225
0.6769106566266672,0.024777179699968732,0.7061429323734207
-0.0028064498011708405,0.4527765569101916,-0.22522496096605993
0.5786900211183996,0.13654000260579324,-0.44961811609517466
-0.2844469004598944,0.19607000214181403,-0.49308458925582155
0.21885397380310856,0.3058007919718808,0.7727948990112712
-0.7706681211706272,0.42342543692112744,0.3727294374517134
-0.5135689245261474,0.08342654191651122,-0.80029860248427
0.11922462941862277,0.22937636147504192,-0.9317403874566528
0.23101961335502108,-0.2092334144971597,0.25550056740307703
-0.7283442231332893,-0.12495381484606427,-0.35525131201351634
0.2590934772242328,-0.560836560991405,0.2592727586855694
0.4230737658546557,0.13744414057294896,0.6231249997113486
-0.5617932985608161,-0.41094878065121243,-0.2943914067629365
-0.626424617552505,-0.06148935994541249,-0.6452489700822388
-0.6165610399987487,0.16606087453145357,0.3290131465119366
0.5820902989315511,0.2530094755478327,0.5204454925522448
-0.20003809893851265,-0.6867478016192738,0.5600418014170445
-0.08785270679459911,0.2795291429289495,0.3761813113576358
0.7189631596045964,0.49640089319447434,-0.4193994494195352
0.5030579462743716,0.10733832243591679,0.7317293659719526
0.38672346965239823,-0.35523762499621636,-0.10307400070366124
-0.10028992435268447,0.15531977835661048,-0.01347407401691414
-0.4517138670366725,-0.7935561615620936,-0.12307659466445298
-0.802194647516719,-0.06865440639773279,0.38483394759131806
-0.6942032471799111,0.2806022046526564,0.5111477836721243
0.824704227085568,0.20509427310462436,0.505395752286699
0.2909881312164373,0.1799261172165565,-0.3899102226053168
0.6377344795435067,-0.2554040346180384,0.28150875657981267
0.14535801977662288,-0.8010682908634099,-0.029983811566062668
-0.23209278779014686,-0.7320304768852712,0.049742985345022195
-0.17947042396583957,0.5538901619520862,-0.28627559799042035
0.39900375653976794,0.7775273337460271,0.049865388137503075
-0.5907395206888255,-0.20491887689541222,0.736084310708963
-0.13555440587255152,-0.5419355211910921,0.7567650664768804
-0.22697687641274267,0.8097754201999385,0.3720322638526581
0.03923353772458782,0.9771827348191782,0.09177038647085767
0.1938579497047821,0.8152222365785631,0.05844326538071143
-0.11778156421681008,-0.28287930388237226,-0.5562526535306747
-0.28191345763437115,-0.8476627797085636,0.004175184515609276
-0.4324949704105854,-0.4323745137315904,-0.4208859787148451
0.07725267707237693,0.4154212152598129,-0.7121251363862264
0.2937808529042798,-0.6090916792995207,0.3480742954203939
-0.07908685893813128,0.22477698324011253,0.6339693008934923
0.13349323182759343,-0.5229944461806282,-0.33305812747742225
-0.062284517892062796,-0.4753780713305016,-0.32608857603053854
0.6754735419310014,-0.5246920637634871,0.00865026222287324
0.08957243568252604,-0.256485867805166,0.6365283910937747
0.545385985254119,0.0035703365133052944,-0.13844444929133748
-0.036267993002958354,-0.6315856914446953,-0.32031475726621883
0.16997023557805502,0.04068464251926218,0.5232272842041306
-0.026278225015180956,-0.262327553269049,-0.5182147465992528
-0.15385857150297255,0.028381538176293963,-0.7114472001836292
0.6688435230977869,0.07497800013155342,-0.018557808522143393
-0.5804588751728985,0.6721804280674839,-0.40165178676759283
-0.32628275783917426,-0.45093794848514723,0.7051346539734775
0.1409626026688371,-0.6614467039952285,0.0044023477528094546
-0.6029289361614716,0.4718373259714326,0.012239689215536087
-0.10690246023149741,-0.3946259365342897,-0.17369059534307096
-0.3079491984289149,-0.279599984151909,0.5839479203693558
0.1295744431560304,0.7944888649396293,0.003249059364586415
0.35758708637095826,0.4169523465246672,-0.13668649631638496
0.4977334680845422,-0.4324780898996119,0.049766545817148344
0.23186287617017065,0.38561992509005627,-0.7735627480162552
-0.038574290105166,-0.21803306895447605,0.2971646434150228
0.15950548856010216,0.5646761210426274,-0.6267374923262756
0.21292969461699962,-0.8151997073404285,-0.33401272634619694
0.07802338242922491,-0.0013265971027036638,-0.6875861074065581
0.36244672382513987,0.2321995714446634,-0.4373008511927232
-0.028180074462305305,-0.16344373852835004,-0.7775552497466243
0.8300492753174304,0.07255669081281546,-0.19759220650356268
-0.04255054124175928,0.3574196115738688,0.6362883642370603
-0.7877655467079687,0.036571101672361106,-0.3966089911771764
0.4665219878152429,0.541530911280967,-0.6052708875459174
0.0054555350424907445,-0.5044767346748997,0.815838086878627
0.16920809791128733,0.0855362108636819,0.7696119592719277
-0.02970569136775847,0.5098457252326678,0.04044101175962678
-0.25287119521765766,0.5104690723831531,-0.7307678051901818
0.7495246491972529,0.4184275329045526,-0.19749827815275145
0.49266385384263045,-0.5313279205754768,-0.5136175721723584
-0.013198090235859938,-0.3041849746313121,-0.885614521575423
-0.33443119708873636,-0.27316997044486113,-0.7270786844029367
-0.2022512768870084,-0.00264495338716908,0.14631288689486688
-0.6340846537925278,0.22683214673327723,-0.17047510655682263
0.2899420504621526,0.16639363709364807,0.14539565347831873
-0.5544038150487762,0.15889045666844992,-0.6618190939628781
0.7759058705574156,0.46712128203787673,0.19072849608219555
0.05661064194693988,0.6197936929767018,-0.22013992599156063
-0.5214676245377612,0.13600376151920712,0.5816589457912855
0.30512354808422537,-0.22313767560812203,-0.39633378756366167
-0.45558233195329745,0.49786256663552875,0.6845813594006551
0.20065649959149745,-0.013529727264027791,0.23307134258820605
-0.05886132531992039,0.4938717020866905,-0.551228294921408
0.042272635234222866,-0.32279852624098204,-0.92926835879218
0.5544659761423314,-0.10323199783992099,-0.5996860403434843
0.023726017721503512,0.014429068041746929,-0.1925074617986311
-0.039958691100576926,-0.1588851489147265,0.7908566924368274
-0.7021928925568219,-0.34615588783137885,-0.1448402182369748
0.5725674359216817,0.2583533467797843,-0.498453536799083
0.34981330943122124,0.6703869498394393,-0.08466300607315924
-0.5076504247095774,0.01277293521236822,-0.5365944730073295
0.14951540113275197,-0.49645114112193345,-0.1790151576874306
-0.2158184256126754,-0.5960401585518744,-0.14601183432106057
-0.3066010958092782,0.5620335629583357,0.584493348586308
0.6117292738572608,0.23874911557791445,0.13523470224147616
-0.3093631672591419,-0.06276206923720529,0.8448651835971774
0.31243726882281275,-0.7676897377543002,-0.46970178494922865
0.2985812702973476,0.29089971744021037,-0.4964360616277699
-0.1469081213517811,-0.7107989657533571,-0.2662381956988864
0.7012254480739353,-0.5125613101366462,0.15095140047791578
0.658456050047431,0.4251140639585036,-0.40024447819135656
-0.21760701883447098,0.4118352758231212,-0.6858970868731744
0.30253676471987667,0.10007770964487595,-0.8766554328251235
0.058911808085221784,0.5676161488013776,0.41455777676580374
0.09005184475058714,0.023449319931591717,-0.23492293871280268
0.10752435478058797,0.8982313836005646,-0.30239168106773273
0.6933013568691446,0.47205770237091915,-0.11968702773719087
-0.23209945436421076,0.3961925618796933,-0.07029862284116262
0.6491866340465364,-0.6773945646066071,0.0443788745806184
-0.22576404612465284,-0.860721032955911,0.2751420542044485
0.285380838296613,-0.6316237877734712,0.3821606188274287
0.3436265888864518,-0.5808871102890265,0.6049002383268516
0.6999518611969824,-0.41324597235556415,0.480115957333596
0.7058526833004166,-0.21179804466860208,-0.37821819227227427
0.8727150540088566,0.12708713389388526,-0.3469108912829426
-0.03289792977087669,0.4304147991168221,0.611176040620895
0.35952145825015247,-0.6233979150028446,0.3667336347744703
-0.06518465162731912,-0.24436785032949437,0.44456895984991807
-0.032365885483759405,0.6637518758997603,0.18016879136217545
-0.45084767623302224,-0.8580805155490236,-0.15540761958047677
-0.012179334277863996,0.8750619905362989,0.3765997193796149
-0.544074767382245,0.31860639710877936,0.1911880876419314
0.8604978861436234,-0.28995203713338724,-0.18594373100500583
0.23671170083622384,0.42006511184374284,0.3844507501586585
-0.3120000884409442,-0.6185231723377225,0.7023989141816425
-0.45934763854584904,-0.24300655522923176,0.07178362840017183
0.20021690596758646,-0.12644895199086825,-0.8910489696630064
0.21655094061518554,0.3015317405488751,0.28701295970808793
0.511375059042974,0.29663374789173425,0.4814850507388799
-0.17814158621375742,-0.5262508223482691,0.44101439874376136
-0.7593119289885009,0.4525373283968268,0.16526517991617262
-0.4244348620895222,0.7554220952605111,0.2551592807647751
0.003642508717937698,0.08340184393838812,0.07662006520789633
0.38076469463959595,0.504089895020793,0.35340951330861303
0.37031890265506306,-0.7881504560810932,0.10995943760054416
-0.8594320939654285,0.1493122107891156,-0.4173626159950008
-0.8325899255755982,0.13182124426078534,-0.17946382406160866
-0.4979691441641241,-0.16153307483202428,0.45008372248143247
0.28562016798452294,-0.4755323699372278,-0.2039901569639535
-0.14598632398885036,-0.953413302803426,-0.07991538228889317
-0.3435074251064223,0.27810991460022083,-0.6189234545222939
0.6572446183474081,0.3373279459146583,0.05618892645973572
0.284889591996216,0.6545721060671192,-0.3640285219256225
-0.47853511363112156,-0.10563525667381124,0.5718814858457897
-0.018868860143372634,0.1100702036077319,0.9465451554793018
-0.2641008209341962,0.3620373637701888,-0.1422982296575359
0.6861678445205761,0.23759235810012846,0.5969663058412189
-0.5970028651407195,0.32216751406615685,-0.2189845179028238
0.33688729620540636,0.14885865856562042,0.365994792010901
0.5539920990770826,-0.24928651119976863,0.07318479632442965
-0.4442616902418606,0.2250830330723268,-0.7411237451623569
-0.12382814752283866,0.046249391838093956,0.9223436736353059
-0.12910798282350044,0.4393964704020399,0.015753374668410203
0.8716825731174482,0.10167312312288357,0.06988584199135794
0.700909671296301,-0.07671425205447213,0.04111187486971857
-0.34787302665414344,0.04660467180337813,0.7805278189072595
0.7053480012321607,0.46702668179021556,0.33869942604467473
-0.5606165943684993,-0.6753681782962573,0.18797081510363522
-0.7718116465885136,0.29306882161191505,-0.12806461060014263
0.5650444851203342,0.127583298154766,-0.512435129551676
-0.3940400924816301,-0.37431276941609437,0.0892882567296811
0.7381023696044877,0.31003851225975554,0.26067798261904485
-0.3947679187327129,0.27635082264418953,-0.5739344260791885
-0.30882374576395666,0.7671748174130404,0.5358521540642576
0.06678932318656083,0.3607302374249881,0.20883401083361597
-0.8079192360222662,-0.21264724488170428,-0.41842002380118637
0.32231073107969754,-0.017739602297090595,0.6724571654824334
0.2123960856459315,0.2863539818737366,0.1888001852862633
-0.1049535339403258,-0.4009570356056904,0.43735292503668055
-0.6233326634210021,-0.10835758796363892,0.3066503114184329
-0.4293545622312531,-0.5928542966264942,-0.04024416961499133
-0.2812447621926695,0.6630025236819277,-0.10002839154692156
-0.7819658165135535,-0.42228371967805556,0.27645299428739745
-0.33377406271680665,0.09534613774277045,0.2680097013678897
-0.16614624034443093,-0.02799138135674295,-0.733091082434181
-0.964956165821969,-0.084075715657566,-0.11763420706313776
-0.43925858541508833,0.12085108530012989,0.6011978572060808
-0.04147618842475276,-0.4767627290616314,0.16376884917619927
0.37231444472275643,0.6604825129455529,-0.3900336882965132
0.5262212126870214,-0.1891539612986637,-0.3741861647445943
-0.8057773893953395,0.3476185846979114,-0.36248408791654274
-0.6703255528022414,-0.33053987745061786,0.053212262224662465
-0.5534629982847394,0.6006012331902555,-0.5180741751815958
-0.2147138184850732,-0.5787607037617188,-0.6836147110069333
0.047711140097165705,-0.17780083475170794,0.5304831193512485
0.40315526738549345,-0.1344857438726228,0.45514034178316765
-0.5536708987163752,-0.7231899385282099,0.0016659790982316292
0.4622355058844416,-0.7616286774361862,-0.1297614271270009
-0.41969445229664726,0.09007197652766097,-0.017441047238017315
-0.15488690999342158,0.39284041607089293,0.7893603146105446
-0.8868557420396983,0.38627196015371346,0.16910619349105338
-0.011195368092699942,-0.8308622223453568,0.4865025644335401
-0.345663328061653,0.3966420795356125,0.31595940833020864
-0.4904726570318272,-0.5709740633866538,-0.41115529672102524
-0.08375214090663219,-0.8095506180863081,0.06574585309392922
-0.7311752555398392,0.08946619764463803,0.3260065073809688
-0.35542171137738077,0.028906568433532343,-0.8304167004401908
0.015747563071766946,-0.6022016133782158,0.7603750283944308
0.24460946604142042,0.7406765420751718,0.4503950622270019
0.5723551009374033,-0.38787814213315674,-0.398893319141038
0.10449851640376417,-0.4106169908464248,0.8010609969012461
0.19590337739352104,0.8365915835406239,-0.26912993874419233
-0.09090311338436607,-0.662681261376532,-0.1928588657823167
0.7398418791049874,-0.18487076168437055,-0.032824956571763986
0.5428545243541618,-0.07694955361429545,0.04535960313819554
0.6923028187961631,-0.6168214783448525,-0.3055839734413295
0.39620759549778883,0.25232374411060365,-0.036943918125627695
-0.14880645692659322,0.4874529646988863,0.4099592475875504
0.5502271085430661,0.1587907099852397,-0.5987694285010063
-0.5606653771182937,-0.7613400348095476,-0.19374754883126566
0.11362626663474429,0.3409932033801042,0.201412012208128
0.5316437254224602,-0.5082707232222146,-0.48823096533847665
0.5179702320169086,0.7134963151383862,-0.24129329315038195
0.24018744399982106,0.3678402077384564,-0.44133972367072727
-0.77949013284217,0.5017578454518297,-0.18315956742247108
0.878662317693345,-0.07158413233149519,0.023455231657667053
-0.3350337964021364,0.7829244987882147,-0.11093558833866757
0.5964572889527391,0.40389346585503216,0.511934624555398
-0.01473602437118271,-0.47499630497462086,-0.4370297128501419
0.30717393789222824,0.031389377015989206,-0.6092065458915474
0.25580855733067387,0.6738804089608328,-0.5490185852172749
0.4708987812843026,0.4114476440513357,0.04265286615705355
0.8270478933221719,0.09451747120716503,-0.13277861247225586
-0.30426141092939707,-0.1836075208472021,-0.3011907022935896
-0.7802204120279377,0.07077813203766614,-0.39646801035522183
0.28975263892724046,0.4169339422586176,-0.04616998576364195
-0.6049431592684242,-0.40428898376336564,0.33564863396281686
-0.1944776816003151,-0.5762819331122107,0.5561301965138001
0.8866442574253521,0.11150757219618024,0.41003987487894467
0.16055009669140996,0.9273880257821534,-0.09295444401988506
-0.29532228531766513,-0.5639386269384556,-0.5555806071027825
0.3829097180406853,0.128909237102808,-0.1459377511581772
-0.48106839388604894,0.39446606819778984,0.6892425098655011
-0.24350805550058396,0.7975556159573138,0.35788203423856224
0.6463322130890312,0.6588922101384245,-0.03882415364984415
0.3339267607027949,0.7305686538726945,-0.5044834709437751
-0.051735461762904,-0.5241238366080816,0.4537184186893346
-0.17767392780381952,-0.5803483395277877,-0.6999616407426754
-0.8302233727119246,0.1050396464606147,0.2453239475755078
-0.6017439189630367,-0.012408838875077377,0.5803047672642738
0.548522135916486,-0.27365916232149945,0.2677906190317214
0.7816164555379317,0.30962139342574435,0.32075130396763507
-0.28259003792592363,-0.308076930622432,0.07666743697578116
-0.5974300957981318,0.7051110588950624,-0.11321457584162631
-0.49032231380792113,-0.31578760597585576,0.29595220235257447
0.16787945956861572,0.0146057362274703,-0.3117231950331296
0.6689859922207835,0.7009573385151011,0.06964512002123424
-0.4011241799071146,-0.2553642007834718,-0.8743868933545043
0.006541799280248783,-0.48823144938217045,0.5022790222463882
0.017982330250234213,-0.5504751482974481,0.2290663652283651
-0.04651031981096154,0.4452799129450318,-0.8355699144556252
-0.12940748514915845,0.5222444331545906,0.8218625643144024
0.1728895306131939,0.6331492341721463,0.2495018088839971
-0.4258269125684431,-0.10987257933654093,0.7852865537192553
0.22753086610321516,0.4580082062841002,-0.08401126363379574
0.11073846956171973,-0.8435793333427337,0.17863563876031896
-0.1596109976055331,0.08806770249044682,-0.7507981297183586
0.29642513176313656,-0.17771468764707765,-0.12376277221863652
0.027861952434763193,0.7486408459462204,-0.2625769719225528
-0.5416969804549148,0.1581498596223514,0.36208729533704065
-0.2915265512330827,-0.6908198329348909,0.23433853893403156
-0.004957193025962869,-0.8040067234004089,0.12104871139335849
0.14367565757900835,-0.22513659321609136,-0.7276364550386849
-0.43326574329056156,-0.05769773633310349,0.27704952764833135
-0.21906716897460998,0.2865854434668955,-0.5767486259945351
-0.1103410365935733,-0.4249276020321473,0.7478832225407539
-0.1012539542710913,-0.8642884702956315,-0.10874004159268158
0.17415246430883258,0.5920417030548264,0.21790333586229216
-0.6763895213424131,-0.04046523346148767,0.575559293163288
0.4154660255983742,-0.37463713257978193,-0.10387163676694011
0.06073536013501446,-0.1379342694336232,-0.1890761109008834
-0.4167903829819213,-0.6820049616524537,0.055102820503476924
0.122183000501211,-0.05290755089544685,0.07403692249649363
-0.045765917698441516,0.17648403629917708,-0.8977245014070432
0.6687004183728464,0.3641863386503501,0.22052920383820185
-0.1561669722788932,0.39317240138730103,-0.5815084614518282
0.8859087340933329,0.2879286047873535,-0.22517129062997698
-0.043867051014958136,0.2026446206767063,-0.5779526475561885
-0.4968962937136874,-0.05811240389398087,0.7296925346704295
0.1580174660776581,-0.7963503755947205,-0.3579531898164965
0.04477150188621959,0.08074248193596145,-0.656531676177607
-0.09899998124768383,-0.7792502882822478,0.5420220335789492
-0.5466768489370972,0.25151006605407034,0.7412055845262271
0.09521385993557319,-0.6919146988466294,0.65122938653177
-0.6119335538734059,-0.22455921482761365,-0.5493333344056648
0.48503885681551795,-0.7364619196190867,0.2740515757440687
0.16449909140355778,-0.7898434179809908,-0.5776178108817729
-0.16339600957042033,-0.736468194456809,0.2464838973379042
-0.1389376868892429,-0.32821544011698567,-0.04797654017288999
0.6960467478379762,0.4293050887082839,-0.02014584565613342
0.029149363179473253,0.19048620839280117,0.4562176047832234
0.4964049714549179,0.10414773292842239,-0.3263316523606663
0.28589526218927186,-0.19572589249382544,-0.8488526378998136
0.003349815355877306,-0.5208596300266635,0.7210248381303526
0.6569388245493251,0.3413673252873002,-0.007678354256174025
-0.5312407319910442,0.013049855213523198,-0.5927622449262013
-0.2533286548389444,0.519432260729755,-0.052747318913975993
-0.22747262818753589,-0.09669004548841897,-0.2420279864070345
-0.05775430249924063,0.9682779910490167,-0.046294500733733424
0.12463901499368002,0.482694651402096,-0.5393911658996404
-0.4201768533988788,-0.7533913064952045,0.4106412014741292
-0.3439813710459443,0.5505564565140899,0.5784903823318386
-0.5839600812286747,0.08644289461501331,-0.6344396180507403
0.18305355828859926,0.40670210430637965,-0.31261564140590203
0.7296434641490437,0.5108037615076391,-0.18723357257376638
-0.6439094286944262,0.12847791195243596,-0.7354653434311189
0.41047142051733965,-0.3981603447883302,-0.651086555657757
-0.6319328707017822,0.741518899739614,-0.22417895543627653
0.6149183562505849,0.35340235605756964,-0.6585442470042986
-0.47461746248204406,0.5614311188612855,-0.41378172930000634
0.8074055550041099,-0.4972526937002588,0.267111132901273
0.010353313919609253,-0.6982150937609606,-0.4942612999191327
0.34302269877134295,-0.5791236533334607,0.43839837325639386
-0.05290846451243669,0.8762044589734821,0.22997285485469154
0.6758299831076553,0.6460962060793465,0.10251398205871154
-0.11223936222151298,-0.18695494597130868,0.13264170573930745
-0.3553132321729191,-0.28711362284811925,-0.8251218899867496
-0.5012779866838377,-0.31122415311875784,0.04117592585682539
-0.29361972007616255,-0.040761713051831405,0.6290901564030267
-0.4722699759829725,0.6904560020304931,-0.5095671713532692
-0.3266981554487354,-0.6469383599237306,-0.02443871725643154
0.43414027671181676,0.24885781349564096,-0.8450874769403236
0.6282407474326313,-0.04007312913592198,0.3328078387661195
0.32164784579988104,0.17720510083720442,-0.8584536091504287
0.7293518838241135,-0.02568776766629366,0.6097118016269754
-0.45025887652540963,0.19433156238720217,-0.7253943455458063
-0.32742409389015914,0.6149891903626181,-0.17116338855963953
-0.733523988577822,-0.34443186295357675,-0.39888868989132287
-0.4780778949118034,-0.6190927533865644,-0.014752486562322087
-0.3003223095266512,-0.31790962742309925,-0.5545575545101116
0.3473916214833275,-0.828016018243374,0.2661244487286709
-0.6217059428657934,-0.04078770102573559,-0.647183182939223
-0.7842002689369572,0.10876514863534403,0.3616078616604701
-0.017427040256256188,0.04186362958217971,0.19714296957422706
-0.3994488501422131,-0.20272201812369972,-0.42074315474970736
0.3838351856503881,0.2667187025924991,0.8714138664325077
-0.4960592465549758,0.6282551427222534,0.13676830753153268
0.4072450646260908,0.41069065362354107,-0.32092612992298064
-0.3813118308023673,0.6366756547220673,0.2038734108326481
0.464458130764833,-0.24403746819818517,-0.41349785110123927
0.03833519690885723,0.18627507852476866,-0.7418990897025937
0.7909441470029897,-0.34823478353845205,0.19150865159575248
0.09507986599494367,-0.6910630089688945,0.5547024670922454
0.8092285713292258,-0.3989990150580729,-0.020043731040166213
-0.027621220364366206,0.3800964970141114,-0.4560415922866441
-0.8264282342777967,-0.2446529217197535,-0.10148236960969825
-0.4416126234368689,-0.5928285706062393,-0.5867786260061756
0.2155733815765848,-0.13403392056025853,0.8075657641360292
0.32029628920627595,0.7875847633514235,-0.4215505287925807
-0.13573802412316938,-0.19356217246687724,-0.4569713285017296
0.33639246825503655,0.365036396880307,0.5920911200003942
-0.7510465078187301,-0.011393012428046356,-0.3805187427212797
-0.45553559427617163,0.8627526303876503,-0.18984067947659167
-0.12086859875747047,0.6663403778446952,-0.12324970931589019
0.711283776790596,-0.12106216264763958,0.5281712787748876
-0.18467211747434087,-0.3056250165517065,-0.011812717088042657
0.03785066097294232,-0.8757613110459392,0.23768018616640774
0.37195359814884776,0.5250525970863551,-0.5925422558159399
-0.9293889520978362,0.1271100194431969,0.034636886804796596
0.6063751623772093,0.24496644025386827,-0.08667720654931776
-0.5973977379190114,-0.06892266222162302,0.7338957378885069
-0.32812806596889765,-0.39387868920690217,-0.3587518878853677
0.18869019373212992,0.04591384466607984,-0.7666638777880419
-0.5566698482458523,-0.5104941112558326,0.4199230968215608
0.4962524424766197,-0.04587206771609287,0.18275283388417618
0.4927197104354011,0.09789438068537293,0.5166677455120703
0.1829408588335253,0.3724156127162237,-0.6589024833367048
0.06679725651468504,0.1978737088780258,0.06675263864673786
-0.22745792815219512,0.06894325594463946,-0.8848807627279796
-0.9225773361033709,0.048219204840324936,-0.07015110712577388
-0.3120091653811452,0.584025105739902,-0.38253693599267313
-0.13412025961830398,-0.2878465178201326,-0.006759536454202797
0.22384141317794004,-0.7888671264847247,-0.4738862507890589
-0.6302240797528249,-0.4953319923809776,-0.14578558158711696
-0.269700258084264,-0.08149035582482123,-0.13728373518740056
0.12595470749012705,-0.723379650550517,0.3318891806855604
-0.5324829595961811,-0.42659768184616764,-0.27180369083915723
-0.7455763994220692,0.1927927276320318,-0.6276871926554242
0.030264622856562617,0.696488674682384,0.26672061052376184
-0.4226654167040753,0.06360600864258359,0.804438844199939
-0.5218720934558068,0.5644868648395369,0.21557062994612752
0.5940440577759389,0.2711099614402521,0.7366481680615389
0.5421513096152446,0.6496874830905197,-0.5236023469124784
-0.3313045716017504,0.10778846895358507,0.019410698030869256
0.20390097005714347,-0.07794244154248453,-0.21297269698303745
-0.45884835530616996,-0.09272427557925589,0.43081108203713603
-0.08159968482733881,-0.7564733852585157,-0.08607011165196221
-0.14539342064742078,0.681657831925492,-0.04187543217459
0.16002773491780786,0.49441222415764496,-0.36991445886386964
0.10266481030432617,0.35814391335798934,-0.8906571114893698
-0.6547458783244027,-0.047573358329142224,-0.6646521109289418
-0.6353293786250971,-0.44286005073372414,0.532028071527388
0.050716904323618195,0.07985047322425287,-0.04107573466729253
0.027806571655453194,-0.20799578896638038,-0.15725083105713145
-0.5814069977019096,-0.40406187051073306,-0.3541733840568675
-0.14793197661275492,0.4112606804977219,-0.8432333666063732
-0.6764240092709191,-0.031016181728550363,-0.0021490930761216553
-0.5598774772672537,0.6201404852023464,0.364502307016213
0.678260932816765,0.5790630432856279,-0.15991513513748834
0.5053818281827915,0.3768269366520838,0.5561119559064103
0.14113821307660634,0.6434050056608227,-0.2816134999867226
0.27850954660916516,0.41332606207540246,-0.4669066518104843
-0.2239712303337742,-0.4818319292548625,-0.5865239628499992
0.916638433206935,0.02109002207265176,0.20729791257414876
-0.2338345271925819,0.020280165082630974,-0.14722676598910778
-0.40786716501347886,0.16339367110912573,0.5606309754137182
-0.9553337222567735,-0.061420165782626324,-0.08349828638928947
-0.06387258854096012,-0.4242254276406363,-0.3505788298851049
-0.0755719627190099,0.8180428896077976,-0.27105126606323204
0.12439034546575778,-0.013985356764516732,-0.3645684764471644
0.380201786545346,0.46892661488654896,0.39892683997786915
0.48904975951199825,0.07151641244777118,-0.7907256991538434
-0.35767703881586366,-0.10744056300689842,-0.15210316242763566
0.31191391526489154,0.35317677333237896,0.38513152875934464
-0.0749633990898686,-0.20679748142843613,0.6359850298005003
0.587651311998812,0.1660370034549341,-0.5681373231646829
0.2942177236359895,0.11389545300943538,-0.1966173808204299
-0.7831786562529728,0.04563263333791445,-0.6120151358004715
0.44633396818715254,0.7688208166935686,-0.056316578715901455
-0.7771070068913697,-0.03027988744081922,0.4274405576214193
0.5341519157804278,-0.383816290657756,-0.3853252810413572
-0.17840502085608567,-0.6825074669866515,-0.19109483275927897
0.008114661491413155,-0.1493976430847952,0.4444841708872911
-0.5498364644568661,0.7074085110802739,-0.003131154309959916
-0.6754963477515246,0.5133194960704763,-0.3962165498563883
0.25410823744577793,0.271273923452211,-0.5457854940380942
-0.3338504702507905,0.8074736164964902,0.11652835994563993
0.11428910139584159,-0.8347442674308969,-0.12764734691715485
-0.3716535603463187,0.0967215053261159,0.6038632900315315
-0.6004802339372395,0.622587556402487,0.019229590089103743
-0.615570131434428,-0.03742643334195783,0.42668237561348055
-0.07954978395532541,0.9484350983164411,-0.22703948844760413
-0.8405075405859865,-0.11050637085451065,0.17932387070165734
0.5565003982221766,-0.6252000966876665,0.3537536197147979
-0.6218683877213504,-0.33754855471126266,-0.37904793379371426
0.3797404125977124,0.459557800687886,-0.7661853932068783
0.35223468226278887,0.49676382429333277,-0.22322303205317562
-0.12416314519449334,0.2165616338217684,0.8378552633757534
0.47699136889568816,-0.1442991413807062,-0.7136064078969173
0.7869397255500012,-0.2735981293184564,0.0532600699187733
0.34985567299841036,0.31385769070816916,-0.6894995188819228
0.3418396735598439,-0.4498094062361824,0.1056776078718622
-0.4369455744165338,-0.8100315758575676,-0.2606577767886096
0.19961927274295732,-0.022572327071302523,0.4836849309533995
0.45243942494900513,0.5700111478788468,0.37795727390378553
-0.436515202664995,-0.40336213423014566,0.6881945260168449
0.6020057066273732,-0.6067886501153952,0.05526158326151709
0.11457904967170807,-0.677996974131754,0.5445588228628213
-0.12086587430376983,0.4415474002693316,-0.7077850329478896
-0.7168379691894229,0.27077404879171496,0.4769902165151747
0.7784152747241775,0.5149970606032901,0.08483164055071502
-0.5192492101891164,-0.6233281546099076,-0.5108619395885037
-0.25941667702857285,0.17854409104534574,0.5252508789764867
-0.08567856515210348,-0.8423847817996943,-0.4249771858170359
0.07395440817136145,-0.04621221532031017,0.5726844950490824
0.02180335335017869,-0.7037885370201626,0.03907427104855632
0.16120407654813684,0.8518477051446334,-0.24795039674373176
0.5875230509700857,-0.17297555595041736,-0.36413391804989614
-0.6024544976605539,-0.5373769877276062,-0.24321582092835992
0.6158831749572362,-0.28647889399393756,0.3671110324034945
0.13283517914551002,0.02414432121831367,-0.3474980176826592
-0.10546434875346078,-0.2536769925606355,0.5049138661111066
0.07137331241885869,-0.1941487469887877,0.5882269827208799
0.17842011088702403,-0.7566130397714137,0.5090060446023428
-0.001810217435382011,0.5030341893170629,-0.3596568887657745
0.6059814938748154,0.48202268553933125,-0.12376995403564317
-0.08260917240873544,0.38142979126632004,-0.3781178417935618
0.09059162293648293,0.028797488011033323,0.9513412072315512
-0.3449033714040566,0.19163761149864267,-0.03602289444500051
0.20878750029623783,-0.4314975724488874,0.6935506546660615
-0.208335064775937,-0.09516440906083812,-0.1696659291143121
0.3220283481957742,0.3544399618716174,0.7924490114255516
-0.1558642477742027,-0.1448073128887022,-0.16428037056683875
0.4224041433230885,0.4440127751009544,-0.3605903863072226
0.2622476742382158,-0.41856337065699867,0.3241331326632937
0.17359025786287385,0.7510905293981451,-0.249922478155302
0.2929821619481221,-0.10077035228252251,0.832338593474482
0.3531513517053315,-0.008853397115069495,-0.015106420813580712
-0.17744242894393092,0.1501627764382072,0.9201694343404121
-0.19485858678015133,0.5056493624227825,0.624220374859388
-0.4816852422594411,-0.5014632256378844,-0.11289397072503715
-0.7503068712230014,0.4570077415222147,-0.238824411538334
0.10237463920562506,0.6124749734561177,0.20169950043259632
0.38432485405863326,0.15651877695805627,-0.00797599789713832
0.7838608736557118,-0.36068661441145267,0.4197261454492749
0.03504031715926681,-0.29835161370935603,0.9307881015675217
-0.07015079846775629,-0.2327128535289298,0.04807858881852889
-0.5399319717674811,0.6368784103678988,-0.47878164167138393
0.4504261564416392,-0.13445262332900598,0.1928272850290631
0.7343372247542437,-0.34430469614333026,-0.5062396968936334
0.35124222321988796,0.1269436717907153,0.6637204567709121
0.1155244799224473,0.2405097746005893,0.5354750834439617
-0.6369241501458152,0.3482358466711377,-0.05587682043717468
0.48242984881267126,-0.060305887107995115,0.7591146778988034
0.5753099004349351,-0.2992209513000057,-0.5671733925554787
-0.22397420165235604,-0.7727926182995881,0.4319579286401811
0.6951628397119771,-0.28502270769944094,0.008046704382214998
0.06585595540158051,-0.3719352957443176,0.10705631026165663
-0.05581698334757346,-0.7062840944661675,0.3435676546527757
-0.4522510206157764,0.0975042012617573,0.2142762439529935
-0.4188926340616028,-0.4406982947697937,0.05171730726596513
0.35237930086240055,0.719398212261853,0.4256965927541867
-0.4771578930841498,0.15433871868682303,-0.2090473949937326
-0.29056893464639244,0.44693414120623687,-0.1620274190018678
-0.22293635201915252,0.46481862396136386,0.674593416826164
-0.4469769222074449,-0.5301615450415726,-0.25187372656134155
0.5597984313399078,0.7239502775881845,-0.14157505704888984
0.3816317023335345,-0.7898374140649471,-0.04064490442409063
-0.08254168578390297,0.6964164156404242,0.06036519627862891
-0.050000105340605394,0.5319536337044584,0.4643196819383739
-0.2898308325871759,0.15615939851618998,0.8442072889410712
0.10540566845409627,-0.5532412326127081,0.3561809811286065
0.9078684705188997,-0.2839967793435889,-0.18421521111293604
-0.2500031309229731,0.07118388471858816,-0.04059577726832386
-0.6547420981618002,0.36424580851684274,0.35002825631364254
0.2575603863313263,0.4518058955486761,0.19020485624229932
0.33705356362284444,-0.28213079347264536,-0.7768578738118819
-0.18417717567038472,0.3786084962984422,-0.15457421291428441
-0.5190133269998358,-0.6166253343486259,-0.2087788491888911
0.17910623290791383,-0.49550881529780333,-0.3754713199198485
0.08215738124792993,0.006219789037340107,-0.08705977540121923
-0.021391039473719564,-0.3407217437276093,0.34175736954711766
-0.5530544530421,-0.02312594535655732,0.5925126929364162
0.6712531571599245,0.3275427961270918,-0.22758371202802663
0.04498794083020008,0.5960883736342262,-0.5968165017837195
-0.09141944955033154,-0.7574465227617377,0.3689660193792361
0.45779216278065715,-0.03934622210296923,0.7725486201584222
0.4310562343131725,-0.05563050734136299,0.7696875625680375
-0.3653785966079317,0.5444598705629886,0.6292007102614452
-0.13947585993938816,0.8317936888611732,0.13062285492149162
0.6084256224826792,0.3095653397584399,-0.05915681720208199
-0.6041932713545752,-0.07163010860352825,-0.04838790909438928
-0.5299699956226853,-0.4331352842523941,0.5112334708942798
0.07171864772371195,-0.6805403944207931,0.027801458846253402
-0.007871806119084335,-0.11076980899602451,-0.6221970625260171
0.8334827792819524,0.14155869612207717,0.5265503612888154
-0.485355139749412,-0.8403947973104109,-0.0625210712051043
-0.508265697589402,0.4456523098474907,-0.4741439250949746
0.5569269703276645,-0.25167251522040557,-0.7576219323810829
-0.16889040305315128,-0.10769482620125559,0.34286062100748826
-0.22761494103948499,0.20883206973086055,-0.8279939823630194
0.28367750051046214,0.7915613197472842,-0.3680618221589922
0.0625681983572417,-0.5129702935174312,0.8093034460401254
0.6784980628705419,0.5897289869246118,-0.028975535342885994
-0.06013576954704303,-0.776744594351477,0.05010743831590747
-0.6215849236569071,0.7359688033933618,0.19508458464445644
0.44701128884868857,0.3450599609831333,0.6861291295658294
0.522083664241384,-0.5977540202190705,0.5099467415539676
0.11290880110855062,0.7570883612662209,0.1285654150955846
0.002337289329457093,-0.7730498430020227,0.3773970791341801
0.1305794059012877,0.3913211566416839,-0.0465122828085609
-0.4057035839700138,-0.559681093223984,0.5021999180764758
0.43829241862118784,-0.08418805425926612,0.8404091453415627
-0.7755700522730675,0.4766551469679037,0.18219747931479136
0.01521898814125433,-0.30552204191619703,-0.13646904526699322
-0.15580193452435287,-0.41802155811977215,0.0020815014591446523
-0.08563457606799352,0.07385320235361603,0.4207163728037251
-0.2709086785640884,-0.173572189798473,-0.24912743239467972
-0.1307593208032407,0.16604307828006104,-0.3477185140441532
-0.3153382158776199,0.47152233766732077,0.37941512203151784
-0.17893019257989629,0.605771582129015,0.4606922466983143
-0.5268786522800026,0.2361712400090088,0.07664289509756261
0.45853701213769327,0.25705992385447085,-0.11466610791968868
0.17155869518625977,-0.21322482112243746,-0.3618537944527853
-0.32892382475319204,-0.0020464880583979106,-0.7583671509042289
0.046698685385137884,0.0005221000169945977,-0.5210072453009353
-0.9382915399054865,-0.019148695472404054,-0.11956220091442682
-0.5048629010687751,0.292929178045376,-0.44744421699713577
0.2785143554065863,-0.8226905064258105,-0.1356783393510117
0.12227080969824433,-0.5796818095886431,0.7004377513601423
-0.8170809083598232,0.25855324411452196,-0.4844280514512904
0.6491037862635494,-0.09526225623413143,0.13712798148901562
-0.10907112752618686,-0.8447582949055912,-0.28386584337576215
-0.3552829150930923,-0.13359897783397456,0.26242609033456277
-0.6896383969070323,-0.16756864596320376,-0.34373189887074984
0.2570952657980552,-0.37608964956158175,0.03611935221512952
-0.45673902903056396,0.3244460093242312,0.006318699904019898
-0.0678261386735226,-0.013027645719252634,-0.36578469216262843
0.6497757228442422,0.13368604166127107,0.25124048776872243
-0.8929206956318587,-0.16863904492175852,0.07848854587105447
-0.6484746085158359,0.44748169602011734,0.5337705467959541
0.18503874368198758,0.31680752745945284,0.20916880583052366
0.8538843712191109,-0.07851619093883477,-0.3665283477451964
-0.7534737433563081,-0.3438892006595684,-0.5510773734410759
0.46827913929237863,-0.2171300637373088,-0.2731163225678188
0.6844587616564421,-0.05838966990880179,0.5200354624995212
-0.0858285803904717,0.09288332368885222,-0.25785843046908563
0.41877033496604854,0.3916230997942298,-0.6151687705750615
-0.4583331758064786,0.472940455900561,0.3902586473329277
-0.6713777607633726,-0.20261415560268525,0.3370270998032818
-0.9337580657527402,-0.07682935424348059,0.11122161592735447
0.2378640406924306,0.5517861003477629,0.5531654003048001
0.8204738302907779,0.08712948433225542,-0.016747149380598403
-0.20389637443567632,-0.10782645189272744,-0.595113424646543
-0.33833189708386735,-0.5177146765999976,-0.2857434272930073
0.31974335657997965,0.519049431436857,0.6193541619626117
-0.8102087693949045,0.06423991722342182,-0.47112851375261355
0.18511080898437293,-0.15120362743627203,-0.8561390368734114
0.7076626751298081,0.05111406630951554,-0.12811931972891788
0.09303610607219182,-0.6756701108781746,-0.03599022662327589
-0.29587653723502294,-0.6425893736007142,-0.20946405771185628
0.9679677599981513,0.18954285686307482,-0.1033633676285497
-0.4239180239393081,0.4627555406445778,0.6301615445375848
0.3658927689929421,-0.5203684534117436,-0.6559098060457489
0.28936749431562436,-0.5484155376207314,0.6861997968865956
0.20937393120499115,-0.56652419664505,-0.674271944237905
-0.05639499603446341,0.6092750430033302,0.5553950240922958
0.29891142186827424,0.8062908175256405,0.1745244528909058
0.8777996837686413,-0.39170933703658206,-0.24265804745628294
-0.6306593140040311,-0.4010092015226081,0.4676754779716956
-0.5493311125915701,-0.5624183535663292,0.24249290885886188
0.36030568853794254,0.6583847517908532,-0.6048922617826682
-0.3709493163395421,0.303018016667169,0.5883084309010203
0.006418242339060631,0.5592203164087006,0.10083735019729478
0.06651809081579763,-0.16529886325069754,0.44879009439681194
0.0005948921625715808,0.2173789811237783,0.5320343209382921
-0.7468682066870391,0.24042894050250796,-0.46929379858087183
0.030542807278356454,0.1998959916925862,0.40512808694823965
-0.4530992263996634,0.6951123343883676,0.4504785865033831
0.23263198323369716,0.3205592431815303,-0.6532248243076553
-0.48809080266548666,-0.6023308649488623,-0.35631025669415295
0.011802140014216311,0.862684773043658,-0.04682328829870275
0.9536296030168603,0.014851439107086861,-0.10929528921107634
0.2815133307123481,0.30406229850399424,-0.4372907696865582
0.34394063732313507,0.6471977117145924,0.6487936166237982
-0.4849268692787583,0.024625962838948467,-0.38078235434243957
-0.30673961157432195,0.3327011702488365,-0.4547123227928984
0.6854106973501348,-0.383293481627337,0.3615099932348367
0.35717580064514665,0.07265373943344922,0.5702916016918276
-0.3723136796215962,-0.3867759642872879,0.07746194771393644
0.08999441777013639,-0.3050587960649398,-0.06627907541434697
0.09418499730297936,-0.12920872577665587,0.5301077319688627
-0.1452788338521016,0.5044839338327516,-0.6017387498603004
-0.6987537982624337,0.566694611160568,0.1332022220209066
0.7511100510771829,0.21872824055124607,0.60002334817074
0.4848629278032792,0.46329293479322,0.3946854785414593
-0.3260790144059833,0.3838209714410923,0.08445556534070131
0.8164986384978503,0.25988243426145274,0.21992439291393895
-0.13538691251034707,-0.30936908257191265,0.01207700228637143
0.5953950691779006,0.029447428487986205,0.450594642736303
-0.24981161250889516,0.4844241610859443,0.813418583915231
0.7898345705039509,0.1494701463425061,0.4856569711539842
-0.17255429169073477,0.3574804844311201,-0.7951685677468305
-0.071591909630349,-0.20927659036509794,0.2983636863464425
-0.5801410796590207,0.435807313300685,-0.6782386661862319
-0.418236576943378,-0.007264216063618267,0.5162262097752879
-0.07938204851846398,-0.43264858644826365,-0.3601207129447652
0.020152337098376716,-0.9221465890326019,-0.20859231843596393
0.49671656974021183,-0.009101771765331446,0.31007973282172174
-0.49721738784835345,0.19711085553755336,-0.6762955671424915
-0.5477384851370763,0.5340524458883826,-0.5201921916492507
-0.07767613374523186,0.34270022029378433,0.548309390099706
-0.40682333053757413,-0.3172435262564304,-0.7656601057689589
-0.31963874194584174,-0.30854618479226836,-0.31167220498691317
-0.6298422204924854,0.2571767429123972,0.5625653717952557
-0.03296658129655006,-0.4827785790312147,-0.7300555385273728
-0.3917356026324963,0.6300378649168181,-0.5843195204762885
-0.2731227488838457,0.4880591392560878,0.2020808970108947
-0.32529754816667467,-0.5194651602402376,0.5133443728871503
-0.00591914273556271,-0.26915636886288086,0.06221570406495336
-0.2902501292843851,-0.5952565138384758,-0.7492236514815047
0.24084545358751708,-0.23288030156599082,-0.6797368223663385
0.35408481400787295,-0.4311552068025286,0.0344739268535903
0.7834834801863086,-0.1317865376881182,-0.5834312288404391
0.2998940763798694,0.310737462896026,-0.017732464996899067
0.41314476588685367,0.09708047321317936,0.34533083042728685
-0.18981396917484417,0.13212611579192002,-0.5085426035655827
-0.2266709717933697,-0.5854684869514948,-0.6882576271207668
-0.04151491333612278,0.2000123649674297,0.072596332669699
-0.5529129226216682,-0.09214950930691046,0.7161940955294599
-0.5474036120277768,-0.024300305428274216,-0.3658062748602622
0.40947759637269954,0.6428536614073572,0.3536917705726961
-0.2628332396388715,0.3379706063431571,0.010159496743548324
