0.06460216058192558,-0.1426993133482335,0.14632928521775668
0.1561373498647729,-0.6754162864379185,0.7011481369527308
-0.4916465750345014,-0.21989331511183963,0.4414291566823745
0.20851553718483062,-0.708959719022551,-0.0828721262415073
0.3453948479783997,0.14240225395958683,0.8802138561731598
-0.45271882310882616,0.5599064122823221,-0.1317588702162913
-0.0455135380920042,-0.8546002596468603,0.27049339685863116
0.047160561243691834,0.6972047925636013,0.31559557019495
-0.5647536915221925,-0.6660971793324266,0.14171650594709684
-0.5204824678035695,0.5317956229293579,0.6549532220847041
-0.5235964704532383,0.7468163630574907,-0.19874496402115804
0.03654970202506602,-0.7794352056849088,0.41389531428133286
-0.5661088081697507,-0.11478469992801243,-0.050232637051174533
-0.42200877801063563,-0.27942260502798133,0.6612210343040423
0.5009045799458087,-0.38094415345678856,-0.40008193209942844
-0.8388913521498329,-0.03024244478531557,-0.02064904346968066
-0.2602773706910484,-0.5577359533954183,0.32740234870717844
0.2656217655201507,-0.4137958923306819,0.655728374715213
0.05605099216893894,0.4055539962775241,0.16978202881766324
-0.0909000965643707,-0.8339449640706165,-0.5395518235496681
-0.8955957159203534,0.3435162878226603,-0.12212579925276579
0.614220963327154,-0.5685451203546843,-0.28424072600957473
-0.33983631987131435,-0.5703254343224036,-0.6011987295548542
-0.4162749956608438,-0.16213290102151112,0.8308399395455606
-0.1680964196048751,-0.4333118307166628,-0.40606969420302974
-0.8780626465862063,-0.0009324345197467832,0.2169225149390972
0.1825303422927762,-0.3864651057484574,-0.49367237591960267
0.6926433175610598,0.010137139906312154,-0.17722025022883492
0.6899505503937078,-0.23369129686431367,-0.2401696036137171
0.29704515864121595,-0.4585347078205495,0.6476338740832226
-0.679538162358797,0.6850803876802487,0.18397808784450476
-0.8620901860652463,-0.14013367227111462,-0.1381207365734589
0.12349993492455025,0.37204003388470763,0.11250798625486325
0.6924069451295365,-0.5243616526108386,-0.4640082675602275
-0.43348441427410567,-0.6100272848948565,-0.4344501768511868
-0.5458455440343053,0.7687302457017271,-0.152357883640742
0.35785481884983605,-0.39011396445741364,-0.07042807277636975
0.005970420003357235,0.5966192111186837,-0.5325681504650532
-0.8397458832513205,-0.34190848516697603,0.07143072968564157
0.5175884322258533,-0.02324725164390773,0.21842458000270226
0.5898201315498675,0.28045401626823385,-0.5621991806615643
0.6782893319833212,-0.2663497670729813,0.11200366592380684
-0.29312645058282594,-0.14963510759622212,0.23981291369196
-0.008700871254589071,0.1396064263472252,-0.3749289373885105
0.650072227265986,0.6535678104371352,0.3851179067122106
-0.4122864048294548,0.04728309450688717,0.405831153819989
0.08485545345685508,0.3702675666519788,0.7559520464887992
0.15993925277563426,0.24888720389477292,0.7692374324369771
0.21781140761690243,0.5095995365242576,0.8143794257303396
-0.015338627783694214,0.5968052623175648,-0.043563324144836324
0.29312172175907825,-0.33484107729384305,0.35017794284555515
0.09174924172717436,0.2678070382535387,-0.5079721262524384
0.25365009369646785,0.32470978620688884,-0.27619423926544195
0.13777020940083595,-0.42268466823781536,-0.4728979089041949
0.2462649712383922,-0.156946086569421,-0.9521478556563996
-0.7097585499784054,-0.35122859675159357,0.24930047015627332
0.3928066205252003,0.7294026002812493,-0.356201491437635
-0.45238991864328826,-0.4427421839354724,-0.5161768823929616
-0.13931169901346285,0.2928561643384975,0.4085112364730308
0.7085487524055734,-0.24214492369992713,0.195875259899015
0.6620698479053004,-0.40357880421606285,0.2211050468252267
-0.4516285845665087,0.6609839829288022,0.39544027407391313
-0.6894106276970389,-0.4684862851814282,0.5260263373240637
-0.6310232789913974,0.5954506256940455,-0.09791677937668308
0.2049843154011568,-0.573457336718691,0.009621748621528203
0.2535692941710388,0.11388459481429591,-0.8055850524112553
-0.7826054853767126,0.12577282524276656,0.3028335343472177
-0.1737350368650159,-0.11829775067855186,-0.9763330276872935
0.7042657722723942,0.12491696914785111,-0.12030933293765567
-0.7187724565284397,-0.02436342838028005,-0.26144084812541135
-0.1598789369633995,-0.47569161928003867,-0.6911090554489925
0.013385341685833385,0.14051586103878666,-0.10541483225876247
-0.3950833944170198,0.20884100056842936,0.6768664611448316
0.6822845413327583,0.26830264529644254,0.16795460949733454
-0.06384473796343659,0.3463985438391681,0.2593684243660326
0.8890018181242796,0.07093526431316066,-0.15216960455792417
-0.5679515213110293,-0.03638127735463881,-0.7255788812824486
0.31604843212348976,0.3442830750244539,-0.182351267191877
0.5338222719187984,-0.5141058797874412,-0.6582954831748768
0.4718358172734738,-0.5341340355265254,-0.17681827145164597
0.17637507004225017,0.4274779250362166,0.4409470639181272
0.5970331588254061,0.4563891735528418,-0.11409647324333005
0.4471888178579213,0.5058850393357976,-0.38900879838767444
-0.10864065757398289,-0.7569744404446115,0.343633817058542
-0.43082310344290087,0.250518663870835,0.5029272190056169
0.8008289033519207,0.37453862593629417,0.17108456349702994
-0.6376565179444309,-0.0884807469116673,0.45959145290096437
0.46734631705258867,-0.28561961283722037,-0.4822714993009307
-0.3998626894561219,-0.17466424980476125,0.5557619934123448
0.6019027967264512,0.6756971452860661,0.22195737508013713
-0.09308526552078034,0.9538308486830278,-0.2607143383343751
0.9246349386183907,0.17323489021031002,0.315859875356042
0.505123304924058,0.7974951786656488,0.22075819470315827
0.3894085536907388,-0.5980499344719743,-0.3019310789892464
-0.05897260659219983,0.7752314723260678,-0.18177210092315854
0.47330807965552113,-0.08607178499604018,-0.4728806966874797
-0.6175345057452752,0.7057196552600606,0.27500502990689024
-0.13724637335547007,0.39157488575108634,0.06298672172814501
0.6827018024589537,0.44386808718049653,0.3196759980635111
0.2722237849324911,-0.770422735014348,-0.14811538533237045
-0.3536485366035578,-0.7848808905891775,-0.04058683901683291
-0.06811277483164635,-0.4054413576456497,0.34235184445487055
-0.3409977842109164,0.44689752015212436,-0.07044640602289776
-0.7390633114563732,0.04833621050938741,0.10082665064213225
0.15324583235584477,-0.034434865015405824,0.4424350719938106
0.385721550805568,0.4666515959976163,-0.5272543058182695
0.052588516694665355,0.35479734257612394,-0.5054807757336026
0.0010277903210915706,0.3961815379410647,-0.770913856943523
-0.3555898184741828,-0.2786825217651354,-0.3746167617614451
-0.21612039502525104,-0.16312313357217278,-0.09854565088947087
0.39290658798186184,-0.5587201525219088,0.5167597854565953
-0.6452971653037065,0.5239721508254593,0.06728021568189124
0.1165681484740071,-0.3760301539161581,-0.41492596170523854
-0.23944010298672347,0.6861383647233834,-0.5507308534978888
0.20019647396554108,0.33803124547638475,0.48838679948136154
0.9156893591419268,0.2274669358099437,0.1922960206645501
0.750961817905712,-0.1661764480081689,-0.19665958916305137
0.1366885303181231,0.8102247178424358,0.5126647031632521
-0.319955283494346,-0.664302865535007,0.4831567973142321
-0.5386365967801905,0.7199556246823344,-0.4180297527107828
0.344343965266632,-0.6413900133161745,-0.11695518635094349
0.32634453497946514,0.3179901446237525,0.4989147163819019
-0.21005968772482353,-0.6034637449100193,-0.6143909136537873
0.8164304861628195,0.28518390033188923,-0.17005610039401198
-0.12759128229646755,0.9414449412600718,0.13475841442226666
-0.0925362384570918,0.16185713246638067,-0.19570271499109504
0.22228303591637277,-0.7856222796177343,0.43203471053344145
-0.5248779977470461,0.4617042787104997,0.0791844786916871
-0.022302982899751633,-0.2273079963699518,0.49447734521670905
0.2044903857914202,-0.8837421618803964,0.04820185724488568
0.17190619923088568,0.5862989865343564,-0.2516913929844662
-0.15290662420060386,-0.6442844147697244,-0.09016720356707086
0.2164093212642244,-0.2904939428199407,-0.022450491919073334
-0.05354754709291276,-0.839919413982978,0.03686280635824457
0.5511523656699873,0.6517204952424787,0.08327721655270759
0.3475397710686692,-0.8354498495319849,0.3306404377403047
0.3075724863554403,0.7054862385549294,0.292085000699583
0.5233976395720772,0.06707243712637445,-0.08174741990034873
0.3364691148627481,0.6661264626258476,0.5230011227342188
-0.04097033773410885,-0.7451068336144473,0.35077021753661586
0.7889276666546519,0.5530936420387251,0.1424219072130677
-0.7013430837754426,0.20922650781441954,-0.5360177918806626
-0.8182413865419205,0.015032439183933155,0.4665640547083987
-0.09479067910273575,-0.689418087112937,-0.46008041617844264
0.48646349137200096,0.21315216594939002,-0.49142504488224237
0.8676416297520906,0.27184124458049674,-0.337351410524813
-0.7128992634565721,-0.4708995570526,0.5009591869196905
-0.31813991452780943,-0.9063137246416482,0.2400089303712345
-0.745257645924557,-0.02684340736738089,-0.07358563300727217
-0.4732837176403577,0.6000794815031936,0.37005859896830673
-0.7623210405849539,-0.2934968004858973,0.19955029689024362
-0.23741916982789646,0.8447495420264444,-0.3475416593864038
0.368106033921334,-0.3673743360279236,0.8408579668718499
0.47967515477407896,-0.5589971838202863,0.6069099270543887
-0.7889064018460927,-0.25767788806702896,0.5533382887448446
-0.14859753587949953,0.5466090337942495,0.5233682675905544
-0.47908178044859473,0.47442168462250933,-0.2406401494102386
-0.5435463600751655,0.16766707633875066,0.08072276031392422
-0.04475952080126877,0.6228040265703492,-0.5860684767075619
0.0309644831493876,-0.2770896883341183,0.7961210139812547
-0.0881112531930297,0.7190015080175587,-0.6415098116155926
0.04739830251217336,-9.060661636994816e-05,0.18532844063144882
-0.46993005963223355,-0.1023712734126716,0.04155854989399588
0.3944034817765969,0.6005395325287075,0.23077619098871982
0.3181852065548598,0.057663832601787535,-0.1233012985412838
-0.351825196597791,-0.1269034690857973,0.31778449195723213
0.24806338149439,0.3494654262567247,-0.4087825364944153
0.22564264687619873,-0.5916263731510125,0.6398538096481157
-0.10246548227539298,-0.08345668808337425,0.0937247731513482
0.14644777099030826,0.2885100054586014,0.27609779985360294
-0.3661148392205167,-0.825093201322397,-0.3011154347906233
0.10304371314736427,0.41297119522601355,-0.2722789616482162
0.010441669077221771,-0.5931871089348602,-0.25201984767211005
0.08958465412534133,-0.025109960031637568,-0.6506669519398967
0.38750038695929856,0.09820312495246708,0.1120431424646593
-0.8144988028285747,0.05208400980013028,0.3488122289958233
0.01812365207396205,0.47496855726413734,-0.8317743437388361
-0.15294093569082956,0.21209178740320644,0.5574320025379997
0.7171400718638619,0.39270127450873993,0.5350285520000551
-0.07162625825203217,-0.21867998156166268,0.4807387444773712
-0.16115590882765574,0.3095613616112416,-0.53149672789914
0.006607433196559098,0.7382682919863253,-0.5413265850184787
-0.28950630217602136,0.4693961614098576,0.2654661462824033
0.7591236206633827,-0.0846714441825831,-0.15674233264112725
-0.8681809808437135,-0.3302607854058488,0.018873827384533248
-0.11323977228720294,0.44879711662591304,-0.5531435633685566
0.4113239315376265,0.8267957125746341,0.031150552768605122
-0.10677476533537855,0.06711221089695485,-0.551631230718006
-0.11766329618948457,-0.6955350317352784,-0.2683466224646116
0.40487982824851,0.4751437409989645,0.7799571747792327
0.924211810419687,0.19762779496937566,0.25761830430722443
-0.3831220633731829,-0.607517903432474,-0.06905304410091984
-0.3963633144281926,0.17620321313803156,-0.5841321699107584
0.08911788937680765,-0.5768742874355386,0.5649243203990262
-0.566387415748034,0.12343271872814499,-0.5951659235235904
0.2534599669398585,0.3157902445338159,-0.7786649099301508
-0.5126549614738722,0.5046611808239108,0.22081319841513025
0.3881799656411584,-0.007403915725493926,-0.26184103836365336
-0.7023450104405604,0.0170595452981257,0.4603043200580177
-0.809071298752301,0.04770108263032635,-0.2617138973165738
0.2574226217445903,0.04585415383488245,-0.29093099756538754
0.4487053910422132,0.21891582954725508,0.38617510829940227
-0.5361700914042076,0.326385922535285,-0.2114384630141688
0.1522966197824096,0.15535162831348104,0.517151445368248
-0.284846578210451,-0.6085998911491992,-0.6849399763021422
0.1497369325462199,0.5345683322847528,0.6904219901726514
0.08362697589704271,-0.3415754127428152,0.934249719034659
0.24994981880087885,-0.5077097727980482,0.6605016963933434
-0.5200816682006635,-0.03397802780730497,0.23684977489336556
-0.35107607398707175,0.3215326657996067,0.7751676150236435
0.19381572414057402,0.7913605137511572,-0.5535225097663683
-0.47569043111967035,0.486980301533948,-0.53747771745143
0.5291068833327179,-0.38300258389583197,0.7478539397201371
-0.23864494992038998,0.4001803567751705,-0.5594898063980973
0.356788360227116,0.055910426173689354,0.631671383226968
-0.40829389146196515,-0.8476423681582674,0.2026957996239307
-0.11854039157998542,-0.3476544887357629,-0.35649777332124133
-0.12305891532507496,-0.012671665167623969,-0.6642761784257052
0.2364265206225864,0.23894498038179268,-0.6433002452591474
0.617312229140341,-0.22767734307392562,-0.014446041027429635
-0.6395273755378761,0.12078299798143721,-0.41881147583438705
0.5984890666713745,0.19569369238022816,-0.38876153590359364
0.897270385693876,-0.06024297294862979,0.16591012201925937
0.13507625427936487,0.02923934644886428,-0.7932101710284019
0.6293474468488338,-0.6420147161332974,-0.23789296791707581
0.518884521179023,0.42743369273930987,0.17471895332184895
0.1596521227346881,0.4012225221573682,0.46807557632788055
-0.737818472914727,-0.36904987016256374,0.19670964503211774
-0.06061619052934475,-0.6152329046897902,-0.6833614228382521
-0.2946095701204574,-0.27652089020377124,0.10327007633630458
0.020874177007593753,-0.1298061730800173,-0.7759464971023127
0.2730053180441028,0.48166136664468473,-0.252408846294631
0.024575590911893874,-0.47459997772895224,-0.739285174579557
-0.14753230659007377,0.280813190718048,0.5040044314357139
0.9305513647149382,0.24945916765420884,-0.15937314065848418
-0.47775303038857553,-0.7835491276114974,0.14851657881114666
-0.6946627434509072,-0.4227678906538761,-0.3058829737190545
0.242303921057911,0.16890353489321663,0.4527055956464958
0.5713944938356703,-0.4422618374287095,-0.2165360984767739
-0.42404365196667393,0.3811473289275098,0.7958747430289967
-0.4361992485392956,-0.5327542219266583,0.35320481238309265
0.8633941497013926,-0.12257171372526776,-0.10167718992790498
0.19491639682472894,0.33502322826390096,-0.029050242051935404
0.35257491165098487,0.7952922268932603,0.4384592159075684
-0.30165849462036287,-0.5860195469893354,0.21855789905513556
0.016784687529053377,0.0585014507100885,0.889797323920549
0.27853665650126147,-0.6823123842503691,-0.3539835409869949
0.2956481354129319,0.5257419259483649,-0.7884160839156089
-0.22047225001240967,-0.15414413407118843,0.058124488061638724
-0.7970058547801444,0.21067025225532232,-0.5284128379637634
-0.3721895425233135,-0.6285358965014076,-0.16301929865982623
0.3838834156155513,-0.15519644269776434,0.04693856895373005
0.034231134456269796,0.16655980575026885,0.6340343123590182
0.30876911605686796,-0.5444636394411684,0.3383379704631031
0.14115896893366897,-0.45589303039952966,0.4633478153578965
-0.11430840421120791,-0.03729362574370487,-0.9312697273982868
0.7493938081101346,0.22480415285915756,0.5211498024553629
-0.25761139366676167,-0.5813236146880194,0.6865341036048527
0.5810598297883947,-0.04602989937054258,0.11818411863209954
0.20626816973841944,-0.9419640306197357,0.0903555421804525
-0.056603640798244426,0.47317469041423976,-0.7374622966883959
-0.035091766715896755,0.34091319251004615,0.08577542503170466
0.1722935104917871,0.4102427530688646,0.2723034719920745
0.7368574140428754,-0.4916103367227713,-0.1669879323138297
-0.057847959509163216,0.1622559563696815,0.7139971940953038
0.2894330194441397,0.36300773547966503,-0.08988756706172629
-0.45475240012679863,0.5957909939048012,-0.20719190376324903
0.24478985983513435,0.21893687176520915,0.005343675850339125
0.303431157597587,0.3901317571334253,-0.5434513316179197
0.6840240394423645,-0.4250115974073667,-0.5913786399808105
-0.5059764714162573,-0.05747067385625226,-0.3491730916920366
-0.15062653852120222,0.110547948195304,-0.04502540885975659
0.7285065070692531,0.1866893394808502,0.3305613183155094
0.7383097115675101,0.20359496645905084,0.3299978367393397
0.6708630849408015,-0.14685496148371913,-0.21912750755045685
-0.13334462861649077,0.7715860806692303,-0.3713434236368738
-0.21887758138776037,0.2908872243097691,-0.7716442850843492
-0.6765158172161574,-0.5055854460353633,0.18974614891520436
0.09652003232000883,0.433064985984563,0.36852143515905755
0.6929863221873904,-0.546129539725394,0.21016310630972823
0.613589251736055,-0.25207270964727724,-0.3864203300046023
-0.32450183906819663,-0.7945790729467814,0.11720426182859711
0.5699198923866899,0.7459793789261264,-0.08842306608051964
-0.36289221628487667,0.031841758420794175,-0.4747577170919246
0.15053764758464316,0.7370125056681418,0.5890108153365881
0.33642613889792883,0.009388834670906343,0.5019878360422627
-0.2129973498383435,0.42519702915871727,-0.06817271098924871
-0.04603338271308299,0.558572267276958,-0.2987333104338379
0.570905382859884,0.6053739986929971,-0.11852974641984915
-0.24379915182767564,-0.09241565195387413,-0.49403341724797456
-0.6455843962874941,-0.013348875979099173,-0.7623211360457349
-0.3679535990969238,0.827938658051679,0.4139133866386735
0.7603696728889717,0.35027105151127635,0.08857775997662665
-0.23309808961607903,0.23969815172422915,0.3904363497903547
-0.2657985860524559,-0.29528758655286813,0.5066500944542989
-0.455399155663998,0.11516838118663997,0.7291993579726928
-0.7603352954177438,0.2368080036660556,-0.5139854765674534
-0.9500211649145096,-0.222318030353994,0.12170858170472965
0.6902617726035087,0.09512445700704975,-0.37707308509763204
0.2511154262246329,-0.4335818344953577,0.2493061436145283
-0.45927129494703123,0.5383641296733359,0.5848465552087863
0.5634693830357291,0.6672440131168773,-0.19150672039737704
0.7755096704140765,0.33890662212390055,-0.37963906062100006
0.18231868012389474,0.5758693471959859,0.4963074960157299
-0.2395455821238366,-0.11614229886426886,-0.8302128073312167
0.1898418084971376,-0.2136826828547742,0.8002411886903902
-0.11374226133187615,0.4874535425567821,0.3348596365666434
0.5269489016291902,-0.08707921637322169,-0.32483031666755746
-0.38671417075149317,-0.6811072240034477,-0.15413620031912045
-0.6266543806450309,-0.245007805536132,0.3660199967663422
0.48744423374239876,-0.1502820103127025,0.36373371779962316
0.7130014133537772,-0.5159618922713802,0.15858325639230153
-0.3927987045972472,-0.8482171954489821,-0.0025644985746169358
0.02099161673649519,0.22945058466089874,-0.5809673043215098
0.7595511284214553,0.4300221705137828,0.42427665589075825
0.7642640980234019,0.5083130892506229,0.3502969166424663
-0.11858694440758288,0.2286360319441978,-0.8658833623315267
0.3293322319454095,-0.41699348663612357,-0.2894753224249351
0.7175123384908546,0.24411155650970273,0.293687759397703
0.5608680429868511,-0.31393440247934334,-0.11820884053661085
-0.024963113549666183,0.30451132416873894,-0.7268185900520332
0.36144286152902083,-0.18716608974157412,-0.703083347550161
0.2797329360750025,-0.04908646696905694,-0.6436747328969543
-0.28865259949225597,0.14066592884136786,0.5599260190663702
-0.3797731174810566,-0.14921401995650863,-0.26370430176584514
-0.2545329388378703,-0.6834466792967284,-0.04015499472007478
-0.02491599115101728,-0.35759557876771875,0.5348628538153251
-0.07037585705378024,0.021049245887394763,-0.26911732061273996
-0.7498867753136966,-0.4680527140067543,0.4562987659340907
0.09133897255752998,0.8864401555223969,0.14306745312535463
0.6937149456729688,-0.5090506269701818,0.3355721986766149
-0.27281710863578934,0.23657975592808067,0.8089873417181026
0.32852498884402737,0.6832580141730871,-0.3528962506870481
-0.003239976384322496,0.4455602919867059,-0.8114422838381916
0.3899036590971485,0.5874883805182383,-0.23219246568389273
0.30978466633046553,-0.5130490860762769,0.5444445750121572
-0.48579286546103906,0.4577680231645409,-0.3427330220045186
0.5615596085198049,-0.07279356253376612,0.4175689305808796
0.3573211464253514,0.4736176792758675,0.6842014603338631
0.37962352196303617,-0.4899877559462622,0.2663393390603175
0.5335468385356679,-0.20092190575971713,0.15320197848012418
-0.4014618154921823,0.8012354905887351,-0.17637547183592894
0.2645780309066057,-0.08424723081155627,0.7452578276196322
-0.45428320414445955,-0.4497054860028298,0.41634577156232444
-0.7545902164626945,-0.1986598869876144,-0.10912409200542283
0.5228312312895449,0.7621359887808374,-0.3750259173740189
-0.4341756852219927,-0.02271607416399757,0.8841782224268395
-0.007139766064295561,0.467401332180291,0.7676616116306241
-0.34731477746821726,0.39742355293729315,0.057338637750651955
0.07311707696459502,-0.19345642748295822,0.4981918699289729
-0.3993298124304008,-0.3517735303999656,0.5471691296012238
-0.011704206925257976,-0.795698760630438,0.28931259118096175
0.8491090086812296,-0.09944362523364236,-0.3846184577035907
-0.2888313252212029,-0.8495040793304631,-0.22795689018057796
0.1049344529520102,-0.34802831350305996,0.2622135722805603
-0.27693112354285776,-0.19339917371679105,-0.9231231641965956
0.2338105970708988,0.8492699328322417,-0.3684916962605962
-0.4133818658433097,0.16250779956392525,0.12807461977812018
-0.5657377941395767,0.3027760776086772,-0.1581974265563555
0.019605193558757783,-0.37750947765485954,-0.49521852321352666
0.3639367410688552,-0.6668098679497894,-0.3336845272449138
-0.7697539768564707,-0.23755962137954012,0.2636694169096747
-0.2685413779258554,-0.016921588687109246,0.06596905315121782
0.18919192256797013,0.4504869511544596,-0.3020606189707147
-0.017321589880665123,-0.8241991300180946,-0.39296421896233613
0.3804128587502509,-0.6514071561778172,0.5451121027977683
0.5132991289178108,-0.45608278807830605,0.6239587952261052
-0.722062760697953,0.304883159402904,0.5241135611188787
0.27047132383859185,-0.8792327795626942,-0.3665120403283293
-0.3537951158874606,-0.35627757421029416,0.5745132357929161
-0.7598147752083548,-0.428353226056541,0.41544879808931734
0.6909501311436184,-0.6311004789909742,0.2122130577351451
0.6091345058552029,-0.7590275983557904,0.1389622064417324
0.6379779650102264,0.589415882250216,-0.25489216585289287
-0.2719928272402119,0.27108776240823373,-0.2238786979213272
0.13758572427199844,0.8391996394137653,0.07663435804302732
0.36736981812508995,-0.2614459907429034,-0.14689316317886036
0.3642832217702483,0.5283858184519952,-0.6635623750107154
-0.2243122181643611,-0.22175173446459184,0.2924165713682425
-0.11995886474309381,-0.38155612402056627,0.7835350670427008
0.3008192575394457,0.7760256282197084,0.11337557850744595
0.539018547673064,-0.4984365953761978,0.0845551792540209
-0.42596752055515164,-0.27695713191941373,-0.11531534468919857
-0.4937786600544636,0.23772899285066407,-0.6159030784916562
-0.24776327543942056,0.9433211137860606,0.18683647115925095
-0.5098313064849938,-0.0311758617837663,-0.8208965004675177
0.18901240358202442,0.6528209264770231,-0.12486487605180119
-0.4150850244927118,-0.8493065747473343,0.11459266244051713
0.6248114195946857,-0.32834503235064405,-0.15550835242029604
0.20067103602923786,0.14351427397282412,0.3318864393295553
0.1996809148609997,0.3600697114687823,-0.07874363275543739
0.7391051012708434,-0.390594077705118,-0.2780458608540395
0.0021984072845873115,0.17045838271727187,-0.3619089321315665
-0.2634762473961183,-0.3672644241415286,-0.06055179258450338
-0.4562374963452127,0.7541023922597636,0.26513059547782003
0.5524023736903467,-0.19217946683569043,0.2939255623757091
-0.5457202931028238,0.27935850370618187,0.6494531819094664
0.2373428506869697,-0.32397198752505996,0.569851029028019
0.6353263887755354,0.3801551339952087,-0.36765199264696813
-0.68842825044731,0.09377396213242717,-0.1656212328395128
0.17544344805637446,-0.6152176343019813,0.38259089820530057
0.8438142833635656,-0.30878456895190154,0.20781958853218185
-0.26152236152304886,-0.3934898973424201,-0.023492660517043573
0.293599573851532,-0.019756653155535986,0.42279928789765386
-0.4140523532728395,-0.040894353888119905,-0.4440665724288999
0.056843395989080836,-0.6930472397969678,0.04410807704654918
0.40929827440367017,0.16596800352442664,0.7942216531482684
-0.13785473760926936,0.012827183492656546,0.2772269230098132
0.034102191952442684,-0.8204319860285281,0.010978172713429935
0.7983543894360501,0.25709688379895135,0.36980077889262897
-0.2262387917377986,-0.12027271337896384,-0.5100448343377644
0.17830359006811847,0.8929788683447637,0.07433711600785853
0.5064184719005613,-0.35174030943172974,-0.17417326371500041
0.3146481189928152,-0.3021245463326312,0.4306860063895237
-0.6774838559254093,0.4705270894343079,0.5174456632575646
-0.1717302144023094,-0.8912118141856529,-0.41757956731172263
0.5655106317325007,0.7814219208591346,0.12035754753075345
0.12006300473339415,0.42678327670529614,0.39207650646853276
-0.28421092434550976,0.647112228512366,0.1638745173365932
0.9164656106320677,0.09905380925680562,0.1435414941764932
-0.45900281531453735,0.23805255077529597,0.7220619542893698
0.3623594414702913,0.8775094975261226,0.047173800436639324
0.053406734161340896,0.10082430388253782,-0.40438501561524154
0.09409491265483827,-0.6357338482371235,-0.18945464323600114
-0.2192677741761211,0.5217790384873291,0.4353709255741067
-0.8986830025834385,0.38092678864709484,-0.1764850450163864
-0.5658085879471717,-0.4028194540345891,-0.09908785861974256
-0.48433340652445134,0.6723170384931927,-0.2903899158956482
-0.4087176767539824,-0.6453444706021443,0.47980320832632084
0.5208891088166618,-0.2851699440500548,-0.3322067370777315
0.21343372585531784,-0.39442183056079694,-0.1271054637712583
0.03428486201616665,0.303085753203983,0.9109569595788458
0.7365660785300805,0.22683525857261144,0.3597734977919267
0.15705489443089848,0.036367547226413555,0.7741508351497721
-0.9118207891391308,0.1441896141258321,-0.15841095878994182
-0.01691728934502912,-0.15692463858675443,0.06164728072077574
-0.2713421327045158,-0.2524561715002265,-0.8559791603372138
0.45892987818004016,-0.1383428518727321,-0.2008164449366152
-0.5992462954666096,-0.46271299601807603,-0.28145150977339184
0.17818320675117727,-0.3963164732675635,0.24846067326920807
-0.33112541698230524,-0.554099106515848,-0.3759666110398665
-0.4191927039046752,-0.21141673103367364,0.3878342044382519
0.18981419942808597,-0.8178074986625807,-0.0887674535521581
0.5527256365002879,0.22140154530423506,0.40847026895026484
-0.2891776695704378,-0.08770397430538512,0.392355197960341
-0.7171009590478339,-0.4492373307548505,-0.47108843030192205
-0.18953908382971174,0.673436600491885,0.6623391918753354
-0.8273462666429257,-0.018718684997811597,0.012346843269070762
-0.3622577188843359,0.4639291256835427,-0.2904260787390278
-0.6226841056668517,-0.18953659394815836,-0.07239269000194559
-0.06011254651096043,0.9074361103175064,-0.15028425595036854
-0.10982866986541984,0.26267286414547986,0.5965595271279187
-0.49599186918443916,0.589791737063839,-0.3973414585896211
0.7650903903015549,0.5718506358151922,-0.1488030216021281
0.2231588978497827,0.6736390834779133,0.29931115695706945
0.22560868707585846,-0.8822476721802015,-0.040263365338215396
0.2592212824319142,0.36562907703612635,-0.6104601392419933
-0.26688169180472454,0.4854788029979229,-0.4418380913372062
0.2285936598952627,0.639810796788699,0.13959100889141585
-0.6824345369092917,0.09794584002867812,-0.19762642776017825
-0.7596942861734277,0.09510218304168538,0.5896801765941324
-0.07423094084952186,0.37688165238943383,-0.011168290505992662
-0.9000877613045373,-0.1903611344559648,0.045700384016379214
0.34166143313480224,0.5920793582884798,-0.3428987873180165
-0.7341392058109533,-0.1925106704025501,0.0589019623712308
0.7533428531805604,0.28216111009640055,-0.5687682137357635
-0.3727880472094276,0.28749022541474445,0.41061481176602777
-0.131909904906915,0.17742434368798454,-0.20290397049636644
-0.31319734968434676,0.8137200726453162,0.36706739198442007
-0.04595872653878752,0.06200677056447024,-0.8221362805891879
0.42043596162939867,-0.09547181504721336,0.04665846279961361
-0.5056501321115319,-0.10853732662757576,-0.8280210701704254
0.5762892450089661,0.43204246969455506,0.32493279295235467
-0.7615727408511965,0.01555696694181452,-0.4452741489186127
-0.7772891357104534,0.3412738270136235,-0.508874674224336
0.24261828123419193,-0.47243624669996587,0.31764363889952874
0.8333195650519376,0.2635365314143905,0.2551769111720916
-0.6682578743261285,-0.013140560386328826,0.6292931416535781
-0.051251596833964186,0.7708407189647368,-0.3085550633468406
-0.44930274795202907,-0.29300646313999,-0.6361917260549257
-0.527684831373807,-0.5588519881034111,0.07203725325334709
-0.4364896796692579,0.4430450783124864,0.48810811332186343
-0.21301014660141337,0.8416365258599698,-0.14430295110587954
0.3586932375675218,0.353797621030415,-0.426751676143833
0.6389035576163118,0.07272785534446724,0.541724679987226
0.19094542553740368,0.10238320348161234,0.24057006383225565
-0.5121461222620196,-0.7766870424176013,0.20920324106577226
-0.016210442714206463,0.449879142848171,0.12606661863318602
0.5143510373666285,-0.6538915813482817,-0.4653376154815534
0.25673986089773493,0.026952820896030127,0.6011356422176382
0.6060594495481093,-0.01171625618509986,0.10033751554248083
-0.1636852979067136,-0.8020906631133973,0.35334268317826245
-0.16694749376725504,0.01592946495557812,-0.34675984580100727
-0.47468979857349547,-0.08881155726748946,0.46860585846917635
0.5865158089622202,0.023809448121947296,0.40725209997756595
-0.2731955866484488,0.16884270626041697,0.18978734379322582
0.4440292154496448,0.4319492941510821,-0.08453178416472085
0.4327677520378419,0.11331899778164267,0.1835198759805141
-0.14538023577623282,-0.5465335052912255,0.708919257093175
0.4711857002326263,0.31498818938626605,-0.5424073038690806
-0.1285043280370466,0.21222865253764644,0.23565962154065523
-0.5566419857065525,-0.333918562643464,0.32672972254567756
0.691355041707636,-0.13507804233856224,-0.2413445709404627
-0.47309874930082185,-0.10429243776330677,-0.7143297015386849
0.4486757267315584,0.08354264723060179,-0.20643319488863
-0.4102159870380835,-0.2305159673033199,0.06591790815406595
-0.35733803518412044,0.16911012418950855,0.8523175604534086
0.4247070688398258,0.27246678156231674,0.02642665112630138
-0.5205963631776451,-0.6538159011833828,0.3007882877330943
0.001452488450740308,0.9012331333374766,0.2351224175184108
0.621926823750929,0.08056737229671262,0.38248449521004857
0.4011345406792617,0.34582176169557965,-0.17912048947681858
-0.11244582468278597,-0.07361937624520243,0.7093865223761366
0.06323739820485597,0.12819267551528224,0.46245667737567797
0.26994423502440656,0.03866470548319545,0.7726409502968432
-0.6699773614412945,-0.4673849155707286,0.3732137942133187
0.10044537195389736,-0.3827703545433725,-0.5338354571318245
0.3573902523672918,-0.5500974548444326,0.34776323154736377
0.2829372433650106,0.06478927455283379,-0.8191401277546104
0.14055306320253536,-0.2180854206419489,-0.13177292175031186
-0.8858809750705439,-0.10423953428741428,-0.338696543163429
-0.2469835530842157,-0.7619505609269199,-0.37954210025809565
0.15976804565878644,-0.3338262504471423,0.7176297124273363
-0.1924959004890754,0.17955558377827452,-0.618889678873096
-0.23856012157716844,-0.11100024815372778,-0.7080663365585447
0.5286226920581218,-0.5573443823951649,-0.4334684423664985
-0.8224351146383211,-0.08926852026171228,-0.2334087963748126
-0.47820430347969656,0.7606741109002391,-0.26014533529462724
-0.6621882553004301,-0.28079711850870637,-0.62468267032927
-0.32174636560939596,0.1549369774126288,-0.4322244282646732
0.5597448947970314,-0.8030746928687138,0.1049051245228172
0.39170653066502426,-0.6097062653173961,0.5931488590351597
-0.49955857354763866,0.46745679172054766,0.27092554854698125
-0.27669537526379706,0.770855501138118,-0.15677386164138785
0.6604695827620217,-0.14043293869409346,-0.2462130363011361
0.6288084531533662,0.144571003939852,0.3323277902499904
-0.46822968329354064,-0.08846918107163404,0.1796346630361627
-0.5602149652831625,-0.07102270251475451,0.5867472943657137
-0.6945353822401756,0.24740415793506187,-0.6073515921502266
-0.4944361007491005,-0.18147240671090992,-0.3528546368797676
-0.9406742722974593,0.09337454592329553,-0.20798936264611978
0.4228860348790686,-0.22852001691627066,-0.0995960923070558
0.05740679740467369,-0.7956515539725222,0.5247340233548203
-0.4387875262931171,0.05739511874536274,0.8605368325814877
0.7092228425613536,0.02585941089450028,0.23010564708614623
-0.6165084185528908,0.09612530313634626,0.44659756329520217
-0.04547293282969389,-0.6986799711278815,-0.22847625064770938
0.2925163208326893,0.25287314008022754,0.16141169974122094
0.4997127817924334,-0.6173116102860638,-0.5440097039633016
-0.3826637204776442,0.26095659594143483,-0.37560142171123423
0.22486658399284232,0.3112941189633198,-0.5688568557836999
0.1896814738413437,0.17401451622304331,0.20170911262233648
-0.9299431980094643,0.23525416010550426,-0.09697163863401159
0.30631991218123455,0.08238144125453783,-0.16569342083192073
0.9154668812692326,0.33366702896826195,-0.06981423601632564
-0.2186741029738284,-0.9255316013407495,-0.0031465893141628953
0.015994351785879157,-0.47922449358273145,-0.5422462347901675
0.6329547976700283,-0.15859103965407817,-0.2417742881901912
0.002925304326510947,0.41875082021081833,0.5246955095213721
0.9189312524043882,-0.1820553578549804,0.030874146745006215
-0.20163852805951676,-0.39780585989186523,0.45824017729083866
-0.45591809417816154,0.33465397771676053,-0.587227296839042
-0.008938270781806867,-0.3951776599283918,-0.8093736365757611
-0.10631486701344728,-0.08787994170936364,0.28633290511090026
-0.1777913030549636,0.38246428848605407,0.7835893760241897
-0.29053744449311747,-0.0012316315924598698,0.2380583877633604
-0.4673459752131308,0.46531589488175884,0.4833430621475465
-0.5550096339450998,-0.48754384148308016,0.5359658418176159
0.34425192167274177,0.5056338146181791,-0.06103368921475627
-0.44144221294182273,0.12299351896527222,0.8350551314982695
-0.6618042684740206,-0.1935027265800937,0.06651027195454073
-0.42105498208450953,0.019999085556846596,0.8478133207163627
-0.527906488566279,0.5652407138270026,-0.4786029850737792
-0.6851377481913903,-0.004023104181923198,-0.33713586498348946
0.3093653846428579,-0.9029322656161027,-0.2340211303891333
0.37757724026029593,-0.24650478480743554,-0.65809373559181
0.0018865029647483489,0.14874256968730903,0.8006596804108761
-0.5073862518709864,-0.6709808163600577,-0.449335046318186
-0.2839447754196629,-0.24161060897346598,-0.8119851430423122
0.8395530334057719,0.2913815976252081,0.1352203065369375
-0.5844611200227041,0.026356369872257313,-0.044988475949382156
0.21075729357037187,0.4551765686838489,0.6572851486519014
-0.8333978116022618,-0.04639902732920187,0.5499015297477345
-0.2941869821467249,-0.9178220340004153,0.24737366194933785
0.787072803811617,-0.13524121717767246,-0.019070468861539958
0.3375330934129217,0.2125201315844616,-0.3611485136682633
0.07217201121266958,0.47093806399203886,0.7169289521931095
0.13754501045005174,0.49288183544603403,-0.6202983758061564
0.7482034819408003,-0.6474930436631061,-0.10180486167993186
0.127817003214306,-0.7887664557494869,0.21806471471516664
0.1703488647510789,-0.9549443988687363,0.06529241645836747
0.7463515876787399,0.4015201088448581,0.22200112680007478
-0.10462784750875498,0.31897913994680294,0.9249731521433853
-0.414205545085631,-0.6841747205472328,-0.3698457582771357
0.348244247338348,0.5602469542207846,-0.6747738299152131
0.14753770297372637,-0.6557413417571629,-0.36376440091028117
0.4494844917940366,0.16165039752603105,-0.8151215551634259
0.3934508515229722,0.5406928294380571,0.673558064447469
0.3150127002522105,0.021605182308773063,-0.26399539231090263
-0.3555936991226587,-0.6260975545641918,0.2983050625037116
-0.07553790543317707,0.05433733497507531,-0.6143558021314894
-0.6947449200671498,0.499603358208929,-0.17542477442545112
0.6409765073087355,-0.07045625472135875,-0.403794999361033
0.10938338910870549,0.4692604243123055,0.5807731269021914
0.3492255609687889,-0.35548648555364304,0.11798939523002838
-0.7939801347349102,-0.30542746970342827,-0.11387316198382247
-0.3256967000644484,0.1484560033646447,-0.41427315391352093
0.6915004382125218,-0.14582834983304704,-0.1070456738928951
0.31309593817520653,-0.7497808511367059,-0.06723661767630684
0.6723364678595645,-0.01890010044961854,-0.6657031941847191
0.019020586531848904,-0.5222332707694131,-0.5027062050389295
0.060238231270462794,0.09031768546187924,-0.5888476578228559
0.10804559570317407,-0.1982634748897587,0.051633005044752656
-0.7327778741577538,0.5512971381641079,0.22246137863429838
-0.5094705910195736,-0.6289720699368799,0.5803779851756112
0.6547666735613953,0.21714582855707798,0.3991444616542501
0.3784652949421896,-0.6085123897221072,-0.04035578809749385
-0.5401852392525912,-0.32486754903486426,0.030706018457809847
0.25550264950793156,0.3675127060354908,0.34299320477298023
-0.7051614945227194,-0.3072002275889185,-0.16508510135157373
0.2834810519133475,-0.1526239881116811,-0.3452096353500378
-0.42660246563671755,-0.44133651341771274,0.20803779574521575
-0.38489473679910535,0.6485072394717866,-0.027686686750543643
-0.843096306263168,0.19449195700486288,0.24388819189599786
-0.5715601942608248,-0.23709423718496692,-0.4345349593479253
-0.670048901821485,-0.5456508790522989,0.38448106107575786
0.5642748235755071,-0.19759783296270084,-0.34421096478061797
-0.31432231379767095,-0.28359079454013614,0.7398259441520456
0.1292214893779846,0.6428821317010631,0.7000367175934916
-0.043979761838035314,0.6364923732236472,0.12188897702575541
-0.465991165252154,0.3277037891726453,-0.6921196668943987
0.5499104796939827,0.38554998338960855,-0.36049813539411435
0.6202953013962851,0.015678262809247778,0.7673953327232239
-0.003079596659369299,-0.2722864023285889,0.9401423064733694
-0.6300507340518522,-0.3378605553397782,-0.35224747261510503
0.25936126354825007,0.7518072903021351,-0.19724067702199966
-0.114953420778799,0.53462676702327,-0.229072876116023
-0.1918257176156326,-0.16821530630976267,0.29899202298368577
-0.1855719818152506,0.7357734112571883,-0.05313721866966614
0.39705152980505365,0.24222057930036867,-0.5542920146002501
0.4754136328681071,-0.3060272898053027,-0.5857112258083585
-0.12522473034473136,0.2704458053128529,0.7076909280384853
-0.45364000793988457,0.2113161431455497,-0.7634195670747776
-0.5524837749353926,-0.22328801952842836,-0.4476047502770897
0.25317646945097994,0.69209173529614,0.13461929402924078
-0.26534526395356006,-0.02526905974554161,-0.4877284100108352
0.833220564119862,-0.07198194363466004,-0.43900612882314705
-0.3701619505455953,-0.31564180412836507,0.2816342582611038
-0.09419933183474627,-0.354501348652138,-0.9213498601689807
-0.0605536357278853,-0.3644448319197313,-0.4338537269046818
-0.2112343515700419,-0.8430558707044193,0.03534422598781273
-0.07756498790152744,-0.5896459403730914,-0.7797987690835997
0.7119531754708315,0.14432772074518918,0.42924548957545827
-0.2615607029836382,-0.8116381565927087,-0.14032321577107187
-0.037494094754611185,-0.7747733643211363,-0.35808673236642674
-0.3690957350449424,-0.5938992983072218,0.2665253364499396
0.5280560599122555,-0.05481513021328088,0.37055506511551606
0.5955474412846185,-0.4009749449163196,0.29163510766459666
-0.14022415185992942,0.05240244093892321,-0.7151241876393453
-0.29071070688857414,0.5820420167879867,-0.230173654261838
-0.005029257166253132,0.07703181423399652,-0.97698670113191
0.5823208648308971,0.10130168664013306,0.023534484889899066
-0.9016406020349743,-0.12661885095249548,0.3393429331242046
0.4919111126502558,-0.31342193653626915,-0.7229332462928475
0.5549176752186094,0.1829258813189243,0.22066151597556516
-0.2888304238394881,0.587901106062183,-0.10197043369572656
0.14263760472527665,-0.2194751559785546,-0.4696627103027624
-0.5233695255378255,-0.49740558087482833,0.14714159558025885
-0.1779104542194443,0.40169946459403105,-0.2228542973435692
0.21048884435407733,0.3989021560872861,0.6014099647865152
-0.18159386565639846,0.14106472112925195,0.5499006876657675
0.2688728018158786,0.6950420044213186,0.5561037812238077
0.3031629311484674,0.3211852637020387,0.8116802851735485
0.2891335167504123,0.34854041688490023,-0.4411325023498125
-0.7095797507406258,0.47892126366872945,0.06543082018726865
0.4728148675658732,0.3917808680082244,0.3597036648638372
-0.5364617667881155,0.278591120699784,-0.05621551289773197
-0.5719291671181819,-0.2852058539852087,0.2967301957756774
-0.3278876292495816,0.500626115412494,0.674158843288633
-0.2769121728640047,-0.21767311050445248,-0.5297094080905611
0.10449280399342298,-0.5057145365349736,-0.5089239516024193
-0.06685006842516095,0.20637426624276656,-0.8488427064334383
-0.5502449638446489,-0.6252857661058688,-0.39920976891112003
0.04670846471062129,-0.5395712266995907,-0.45701773904943654
-0.07242308216011129,0.7439856855092879,0.059769280291043225
0.27639187176420155,0.39442007243271315,-0.866988219753176
-0.12425107016003611,0.3475424411092709,0.7259919248842768
0.7528273328314743,0.01794502100348372,-0.051756974067069805
0.299574900361653,-0.5145186466196332,-0.5132979196638818
-0.5666082804755792,-0.49717848069366966,0.3041244079963634
-0.7301149379208018,0.4716659153367422,0.1801928167897866
0.0560036640649102,-0.6044567591229502,0.4192046362143942
-0.6626566925831239,-0.19455555895762666,0.06958215009070656
-0.8805766207959429,-0.0924157589603285,-0.3022311151877286
0.7242524107960906,-0.48016022184360185,0.42310805571370436
0.46405492479496036,0.34116086289618,-0.24895729545721967
-0.4085294068551022,0.5319325464035847,-0.3072720339255157
-0.08156585356418744,0.8057304606290305,0.24553625435952653
-0.06563622973595584,0.8786629799627901,-0.1682014816604427
0.4739472863529841,-0.309019693076787,-0.3997594513232976
0.08384871262801008,-0.5532257920655512,-0.5816343629798415
-0.3424928746668725,-0.22269146525755357,0.006091576735920645
-0.5178352751830058,-0.6331201574096341,-0.1629990253896345
-0.11863311582533331,-0.94400431954627,-0.17314696143756603
-0.4257618646079899,-0.49121095230977563,-0.5000441286142174
0.06033840092232623,0.9555010134427955,0.05999645732665071
0.15760328217320052,-0.53662228702299,0.680433550478093
0.1688552501835776,-0.26208919381524454,-0.8570610203186753
0.7422478554561969,-0.2385809831101393,0.08566305549316233
0.3326885219854312,0.05161764016820514,-0.757782369660196
0.46659444164533914,0.5573824293771774,-0.16284340847946788
0.008207057695447606,-0.8002302258170804,0.48038670576359
-0.43308062848467155,-0.20578894683812354,-0.5849390282262827
0.3595922293489324,-0.23403576519285463,-0.3169124412774995
0.16910752496707415,0.5927932463229468,-0.6055338340142222
-0.7288289979746321,0.6381222554879553,0.0604066072737679
0.40681664208952606,0.26980214679491477,-0.4646922246248275
-0.4846921454076323,0.49220441791668734,-0.6769959559264207
-0.31359978393237387,-0.0707433511174882,0.010246799909449988
0.474323088856726,0.3978914702495562,0.434608991467222
0.8833000419913593,0.10141573579765373,0.05002694671023278
-0.639318777973761,-0.47181914585944673,0.028940809481885044
0.036296208560810506,-0.1058647321084798,-0.06436916783563462
-0.43281548992988705,0.0291959050530759,0.1434932910534159
-0.2494820874053183,0.2748950499038434,-0.035030201695358754
0.10952328325759031,-0.18693044003664783,0.8693159683169118
-0.02383345650202573,-0.8374794685988614,0.30783557314542365
-0.1029761282870234,-0.9099377155672768,0.18262482098004162
0.38697772863354296,0.35817802930347153,0.6130781007725419
-0.001219586212785062,-0.7150604559619307,-0.3282408966227661
-0.28152343029586846,-0.18803591133335917,0.6813379414939724
-0.22368899231338824,0.09299233660359829,0.7827843728783694
-0.876077010828977,-0.1703172037125824,0.20376757496338138
-0.3243163679197434,-0.5682750952915625,-0.28300102319898346
0.2284338155783081,0.5922783287219271,-0.24992945560534863
-0.22761695241473845,0.03454952529418276,0.1867270043564091
-0.2775420598678222,0.410498210208345,0.7618271294093566
0.18317012179063763,-0.1414082672177044,0.16064394258008563
0.6926230823947432,0.40704977968597156,-0.5565639124806436
-0.3221042601488924,-0.7213854129554349,0.4358873087766566
0.32456311574712715,-0.49200826776384643,-0.5318471753599883
0.5883993974043136,-0.5739740390935582,-0.2240437624253191
0.5427317533869238,0.04134201307763408,0.18362159746260187
-0.07675608864909722,0.5940598817530824,0.28455530567462417
-0.5934937613767484,-0.5116811860232953,0.43113314711820516
0.21818794828373478,-0.265691917493053,-0.6528390480883992
0.385023705108021,0.5716613516990026,-0.37133327293913454
0.619656212189106,0.6507033400285749,-0.02188264259245365
-0.8300257292372286,-0.46886281775860805,-0.17656211640433828
0.2604475557295487,0.357230324077191,0.5010538784429899
-0.4816415537099048,-0.4385563764463316,0.47002268949603
0.6912298001745394,0.09459263334691936,-0.33218134272803423
-0.022826195296542062,-0.45029253232126787,-0.8123676610138226
0.29287880956963885,0.6239518779037467,-0.18174353941778376
-0.35537841522680624,-0.11890001508823334,-0.8189887975049817
0.19470484867051852,0.48679338844067943,0.496647234582287
-0.07468299601247574,0.8051378049969578,-0.5220328759305073
0.6274735923133858,-0.4812244163471462,0.15949885640174233
0.5956877839544459,0.12032762057512203,-0.0894210161999005
0.027315032082859236,0.2897922607034853,0.7923759097111829
-0.5557283422500323,-0.050050813734715316,-0.32740018690996164
0.7679657609468722,-0.35237242740796226,-0.4490803424675982
-0.8148814327733387,0.14425641041379733,0.2057500802309109
0.5671785378807961,-0.22881063845188598,0.5968227698675115
-0.29828037812058095,-0.5597566871322572,0.18964895498307532
-0.6584710699207035,-0.0953917111117748,0.30066569370872887
-0.8105171496960777,0.0012984472079571319,0.49483861457637035
0.40770454244425713,-0.46411134751149263,0.35472270713572684
0.6300885729901957,0.06763297408892566,-0.13513488184128652
0.010051684658078264,-0.21797847243811597,-0.3200335506557035
-0.6183414311123248,-0.10509984411947793,-0.7735002802558015
0.0021016584569457653,-0.7741553632643643,-0.33537604512807384
-0.6274594946916461,-0.25724667872243545,0.0849607113364188
0.3710737310397043,0.511120211035174,-0.6045938540697497
0.43094146077689954,-0.6143161124021344,0.15513310658150736
0.22926363946736172,-0.7204176964341891,0.26671844620707863
-0.7081948340282949,-0.02747748870868172,-0.5189623762006537
-0.5792799581224948,0.4274892551691123,-0.4341176308467549
0.3696422248426503,-0.5124106721308792,0.7227196568853671
0.5489071389378477,-0.48533105812084076,0.017574583543631617
0.8677997476507273,-0.13963577270735272,0.2439943436482832
-0.31410116753970274,0.045476614509584845,-0.5646789041236564
-0.27360056211349204,0.8179534920202196,0.10762136024682101
0.6988687711584094,-0.03877913393503385,0.01745468823827423
0.5341274658352235,-0.37239187412664965,-0.41750295134697923
-0.7099340689551976,0.02484264225095334,-0.23997080065286958
0.4481025422870828,-0.33743774955087913,-0.731748757255628
-0.7815520791334012,0.19529638478618572,-0.39119747890021994
-0.045725546244289594,0.1607445444986777,-0.9151624043267235
0.9503121705627984,0.2603274179375361,-0.10052396890746684
-0.3126819244521619,-0.1701078701605072,0.4435963804894658
-0.27216531132085975,-0.4353981424491715,-0.540246441865009
0.6362265868292425,0.28259780426344583,0.2756727855672929
0.25623145390131374,-0.32886063098052065,-0.46267961929258905
-0.3890732753801309,0.033096379467378645,-0.13616766798164637
0.3200426774259255,-0.8828964210457149,-0.0004205767539775529
-0.3077856761614082,0.06761861775589728,-0.21311142542993777
0.4547474050606404,0.09242576611704645,0.2599357251434069
0.5328690787571326,-0.8107608748488273,0.21248788075749392
0.739665129602687,0.2396709103808623,-0.4632884674945208
0.5957693893811984,0.5766139800919352,-0.3879097727761771
-0.2948910315292119,-0.3496781954356778,0.5618140514523042
-0.7553694205327437,-0.31861979065524304,-0.5030648860306324
0.5836419350929141,0.14431140450996027,0.10360326001423337
0.16637708237607463,-0.11610533995506533,0.04004547317847873
0.5459163957092199,0.04069234330708449,-0.7508889066493591
0.40704598941478776,-0.7339354733496792,0.38927812782435534
-0.5627656317381711,0.565818760050105,-0.0780273784990202
0.025134470582640178,-0.5056763333822101,0.32273652447612844
-0.840847480791385,0.36004688455994605,0.23150000554113537
-0.3014937317590587,0.30303549948834707,-0.5270418415034219
0.2855583372704713,0.22661706683087868,-0.8320630156043911
0.3466712282606197,-0.4134156866216272,0.461857099238701
-0.7311270955297251,0.31053527515492485,-0.2971710942108772
-0.3128059267006593,-0.8302306544920295,-0.3545141880932936
0.6964191286393715,-0.2069124517084704,0.23766838167355497
0.4574460357430492,-0.15439267192262762,0.7488633431183898
-0.6309855770761377,0.43149924220157043,0.5159756816183887
-0.18107601406471496,-0.1715996507669053,-0.1801689750790294
-0.25956485331744505,0.22715489241931341,0.04548062795854957
0.5806612555408139,0.049665940230837036,-0.3286356204546539
0.18653711295500486,0.4225648553508352,-0.20386261677991424
-0.6658783553588639,-0.05849289762983356,-0.07766133017786259
0.11778969678703133,-0.8770544991027045,0.3188315977593488
-0.5417515090206741,-0.5539664533268056,-0.2225277314720917
0.25080316419553506,-0.5277765216743449,0.624129901715679
0.7206427749783331,-0.021700037187550425,0.39625000744441996
0.4432818533991325,0.05631695450664531,0.7272377069155653
0.062340401300509996,0.5308959443145236,0.19172824443957848
-0.5110718096956655,0.5549108102980507,0.46684852312492287
-0.36959169445322204,0.8628944912421921,-0.30637409229946067
0.11552283551827824,-0.7022646196346183,-0.24821223864246922
-0.00069591224069665,-0.30291559865041573,0.45230159553183014
0.7915683065839119,0.03164582180187114,-0.41624924887996784
0.10178939662969788,-0.6422455366257724,0.10963400533093215
0.07204164252270329,0.3420656055211624,-0.35111160528213303
-0.01447560646924062,0.2940469860805939,0.06349241969183872
-0.6797977231599595,-0.05251314292085696,0.04906230652642085
0.5573584580260218,-0.12054646561935312,0.029389827658252266
-0.4158068618131341,-0.08504567616333847,0.7244738891499338
-0.826430764727506,-0.44048228336676143,0.11514477931448042
0.385789408272708,-0.6658583459742133,-0.5241246262041677
-0.7930306221115717,-0.17800246093362126,-0.5218487284005171
-0.2889169297212699,-0.42567753073248116,-0.43139011210137146
0.04890780787378035,0.8610261591597834,-0.4569659547423137
0.03839657991370893,-0.5141324022343792,0.3353829472910379
0.3393634403138126,-0.17495975510521733,0.15947861206598923
-0.21733918360662807,-0.5047626381490413,0.6337390904638402
0.21801263864680176,-0.3014504246397176,0.3639924362930955
-0.18807333778717483,0.01543938903563813,0.43734712726138936
0.3870921805997569,0.01862411666233177,-0.7470550775462865
-0.6796068580417562,-0.003201178253734227,-0.5169754089967418
-0.8405699138949008,0.08512979310732849,0.26482161728078735
0.6217716247074858,-0.2480960360445521,-0.4634946735780654
-0.265265552608998,-0.5176172307769389,-0.5387997829116331
0.2030618082671949,-0.6103845471187275,0.5263913918497525
-0.5732984005942505,-0.5959238323707707,-0.2215944049254217
-0.4701333079123238,0.729937997520943,0.2847441538936659
0.2306498731796931,-0.009604036749028655,-0.5470559598515863
0.47772399650461805,0.5128662166790103,-0.2101030888869142
0.48699100064074186,0.5977784325210505,-0.3379659587079795
0.1853123454064709,0.4410274244931489,0.03409443982303029
0.08780907191623943,0.14550696472980817,-0.29663855799372874
-0.06741897357515159,0.41768419501627463,-0.2591296900727773
-0.007166714286069187,0.45154746050360806,-0.37132578374242375
0.6896700921337338,0.2861584333615219,-0.021823277079193293
-0.3252402153218379,0.7583352279697273,0.1567626698793274
-0.39566765504582957,0.1032682096822437,-0.6208431071425058
0.4199731694985336,-0.3057582761324775,0.00918669426495522
-0.20284259384479086,-0.192837738256874,0.0005849568158291518
0.2889163854673624,-0.8271303882229484,0.11121672822715278
-0.03892615639912855,0.0940063897428256,-0.4044525657259428
0.04915288305394361,0.954281640985885,0.08855938822041365
-0.2264986902234314,0.3188879313126207,-0.6857885694716499
0.25688143126869023,0.6004615249224683,-0.2224668394939171
0.6864781124791384,0.06364183534769641,0.29477243119164354
-0.04366616796109546,0.7753108348604034,0.5497848760016815
-0.11374357502678589,-0.4378579449154023,0.7880318176632788
0.19461895176806787,0.2956927446139428,0.5951353166570383
0.10123001583850288,0.08835790366221707,0.045904531633093715
0.2721698937985788,-0.3948790409252676,-0.7705432104173504
0.2659898448747329,-0.7215135220298368,-0.48988475471866133
-0.6928832453722236,-0.6059307586362142,-0.34267976869988415
0.5290787299656265,0.5158684446342636,0.20010483963781023
-0.8602039003224362,-0.15658460726640078,-0.06912188732071844
0.32097501213352175,-0.6433488322240455,-0.08321114183759826
-0.22513498488363992,-0.009804118151312657,0.4889178805234069
0.4827369484399726,0.705839996619605,-0.3179408064149163
0.4265290102376105,0.8237129538635108,-0.08435974757072562
-0.41176804535022815,-0.25691410294538364,-0.18382715699209284
-0.02690398167880592,-0.18504564084498432,0.7243695655109719
0.07381669924855583,0.12067591995956417,-0.5156110806061978
0.6946444988503877,-0.01778135701067085,-0.46931835320141424
-0.0871404185921032,-0.6313458270922658,-0.7536064278938528
-0.30251991967783876,-0.6633579015079936,0.47358428604764047
-0.19723123093443484,-0.09541166308470528,0.6483813225324289
0.85079474378782,-0.1372758083086527,0.08644148076512526
-0.2766184377576475,-0.6782844558117498,-0.6765884856841236
0.09215389781350414,-0.5323219873436524,0.7848529955610619
0.06717878253422738,-0.39284987776702995,-0.2384278098872088
-0.452128993317207,-0.29657252902281295,-0.7268393021076038
-0.10100394533126722,-0.6162843061948406,0.6674209110698481
-0.8196972406629508,-0.24775224455754064,0.2780570606476991
0.0552099260984702,-0.6690628120481648,-0.345324140959006
-0.4940159753025828,-0.07957953651044747,0.7494198183963863
-0.20044266510459008,-0.22935431854184718,-0.12740873228859417
0.2295459655145884,0.10192803075437395,0.8159801532982236
0.43667055320641857,0.6575377446788115,0.22570472391328655
0.6061999054018075,-0.16083166364437362,-0.15866038027751994
0.27129106424029636,0.3003535659887133,-0.5276819496658378
0.6554301521902657,-0.5756184480874915,0.32152418853927656
-0.11093884329452619,0.34038269033703106,-0.011424713320268287
0.1604573131371554,-0.2250204050894764,0.7005280995345609
-0.20673876870985786,-0.22045639107796,0.6619523276203432
-0.18313816226836632,0.01578000286206649,-0.04742349792254852
-0.2948011845857179,0.1717012586846618,0.44315645058959596
0.5826880523079405,-0.43204898892414123,-0.31999133676483305
0.8895773465359484,-0.04810279083240565,-0.2655487433940964
-0.37573712731703024,0.5786910349857308,-0.23543470957512325
0.7034314090021319,0.2341226192665291,0.6632890691770532
-0.6184628308354712,0.5109789945229848,0.15047552099512496
0.2375418506628264,-0.3722412691720922,-0.730035440251998
-0.4944005006314711,0.07413322323450111,-0.7047917815211757
-0.43628479774909845,0.33878727707664713,-0.7762091894517966
0.019570362885318993,0.8767088261033371,-0.2732061289081378
-0.41422293315897085,-0.13392354456504596,-0.6789922232636114
0.4497760091341725,-0.3880201583539522,0.09841177952766378
0.34186699149577326,0.13765517596530819,-0.14912271121392062
0.21282849689414918,-0.6175751563477865,-0.022497728198986433
-0.6159815461869409,-0.7806566471054823,-0.06870284939984783
-0.5659396784417241,0.7151970663422504,-0.12046799652535367
0.7226922084573293,0.3881741317519538,0.5397476575875613
-0.2660854785394189,-0.05015266029687959,-0.8245232438921877
0.12439068986202728,0.7447524249605246,-0.233939661632508
0.08838851095100564,0.6552731457107457,-0.6543890763123597
-0.5869698772201055,-0.32349900958987843,0.40962179059942816
0.2035367601431859,-0.8872670627613899,-0.007394861463412283
0.6567190040150988,0.2908982850564179,0.6832731761655897
-0.07585829755957518,0.8587250973829383,-0.34257754269775886
0.3502351227175753,0.3521798932941038,-0.17719032589193162
-0.958118723737899,0.040240346569758056,-0.26503300573689526
0.2372782085828249,0.8633809807778716,-0.056880880254576605
-0.6512523163646384,0.6633254984865653,-0.22930764656389835
-0.20485991743422627,-0.3216440761760093,0.22647605245625058
0.01742220001730499,0.5210123241800804,0.19212663720648604
-0.1352280816443998,0.5024380330886826,0.11105166966166968
0.7497134472039322,-0.09114364485737791,0.3102674157911982
-0.2388250157705074,-0.5600058606445704,-0.47381972059880373
0.3535112985948443,-0.6505527084276059,-0.1189926289272405
-0.0670948661895181,-0.03103747561821013,0.5760408878707377
0.10380302416293352,-0.3782529747839003,-0.17970020678761567
-0.30577212296245726,-0.5718197518613783,0.4650236272970272
-0.6881859888166242,0.4511892697124098,-0.26244802700363823
-0.464032678930413,0.4228569313686956,0.2511806156798002
0.2560500495783862,-0.0004889475161686807,-0.6165122793263702
0.2729182705175037,-0.5392745942030961,-0.08797750927691284
0.23462807070644787,0.7278226875204927,0.6379985682334679
-0.2041510209270374,-0.23449098254545686,-0.7816934749791133
0.35896989201854734,-0.28887051903135164,0.2360516248047313
0.3293700198123479,-0.05656542187671887,0.739657323520827
0.5839671832468527,0.38559246039804274,0.6912356360016751
-0.4026917627270796,-0.31725969641558494,0.1400124695300884
-0.10831693053708302,-0.02802601080266265,0.07263061323796682
-0.6481922912265876,0.5329541079392865,-0.5179705997050599
-0.37099546413207074,0.7021265915576638,0.5342499602210784
0.7095952243980956,0.1443296596986714,-0.6878781347336123
-0.7461802674970266,0.31998617721286626,-0.5462248734271051
0.877821232334008,0.18876738088248768,-0.360736738586817
0.661253162356445,0.4231857471881597,0.052589898841649774
0.6513218236386242,0.09369062621680779,0.3037366502833141
-0.0997766177468522,-0.11508751482807944,-0.0613383785449535
0.20588825988746096,0.6283059283035146,-0.6245965738137895
-0.48898234044674105,-0.039552664183171604,0.062072268098575245
0.4355977371481603,0.5348351637673421,0.4646797301350014
-0.2996366450700605,-0.5888067885318966,0.11112667953346289
-0.5230191033279825,0.19601962788054683,-0.7384306782603423
0.05219273208527375,-0.7198106726771911,0.6491849772059497
0.33357234634257127,-0.24813785266373523,-0.26467065104578325
0.17757561397880983,0.07796611255810726,0.4891820954750614
0.7665916779986561,-0.29266395340556417,-0.4395127689604057
0.20218018315338004,-0.2572624249064135,0.4217580367567826
-0.14184485854036577,0.7771868760913818,-0.14645859863798671
-0.04015351619153207,0.8869980378645208,-0.2932189541788113
0.8144224971521894,-0.23387737218344729,0.409787801542175
0.5258340198152387,-0.3716409650968955,0.4227657261763582
-0.6704345856498337,0.209511343210544,0.47519158575640863
0.4480382317144955,0.725779629418281,-0.03194440646470276
0.3705584356146845,-0.7740901808160252,-0.44511415219228634
0.21754664189455664,0.9432577695387137,-0.20072879793646536
-0.03906249129099737,-0.6252923648108375,-0.5343879554885032
0.31214621645306484,0.28935023619119105,-0.3904941925879031
0.08669224078030102,0.39381322875079183,-0.026349756712928052
-0.4207672921100827,0.42820110738382766,0.1723413364050559
0.7060780395377182,-0.10638349825940185,0.4395860431489682
0.23281094027005111,-0.6651102501963402,-0.42284038086305853
0.13508957847015113,-0.026327082611519836,0.9660228979052372
0.64958134601687,-0.13033338044145726,0.16849961581009332
-0.7145175489140116,0.31682543936195007,0.4287744559788187
-0.5126706354234405,-0.02496820465312455,0.5454921686913363
0.5767523119086282,0.3035942433708809,-0.6739357696953987
